experiment_id,repetition,timestamp,condition,configured_bandwidth_mbps,configured_delay_ms,configured_jitter_ms,configured_packet_loss_percent,measured_packet_loss_percent,min_latency_ms,avg_latency_ms,max_latency_ms,measured_jitter_ms
1,1,2026-09-13 21:26:10,Excellent,50,0,0,0,0.0,47.9,51.657,61.8,2.239
2,2,2026-09-13 21:28:38,Excellent,50,0,0,0,5.0,47.5,53.099,137.0,3.85
3,3,2026-09-13 21:30:26,Excellent,50,0,0,0,0.0,54.9,59.477,68.8,2.506
4,4,2026-09-13 21:32:13,Excellent,50,0,0,0,0.0,48.0,52.145,61.4,2.419
5,5,2026-09-13 21:34:01,Excellent,50,0,0,0,0.0,51.7,56.494,91.7,3.101
6,1,2026-09-13 21:35:48,Excellent,50,30,5,0,0.0,75.9,82.567,106.0,4.662
7,2,2026-09-13 21:37:36,Excellent,50,30,5,0,0.0,74.8,82.189,110.0,4.682
8,3,2026-09-13 21:39:24,Excellent,50,30,5,0,1.0,81.5,88.991,118.0,4.94
9,4,2026-09-13 21:42:22,Excellent,50,30,5,0,1.0,72.3,81.2,91.4,4.452
10,5,2026-09-13 21:44:10,Excellent,50,30,5,0,0.0,78.4,86.346,97.5,4.432
11,1,2026-09-13 21:45:58,Excellent,20,0,0,0,0.0,47.1,51.145,76.4,2.325
12,2,2026-09-13 21:48:52,Excellent,20,0,0,0,1.0,50.5,55.894,75.6,3.234
13,3,2026-09-13 21:50:40,Excellent,20,0,0,0,0.0,50.9,55.545,64.9,2.285
14,4,2026-09-13 21:52:28,Excellent,20,0,0,0,0.0,50.2,57.238,185.0,9.271
15,5,2026-09-13 21:54:16,Excellent,20,0,0,0,0.0,54.4,67.82,252.0,15.89
16,1,2026-09-13 22:13:23,Good,20,30,5,0.5,1.0,72.7,90.359,224.0,12.772
17,2,2026-09-13 22:15:20,Good,20,30,5,0.5,3.0,77.9,90.947,296.0,13.142
18,3,2026-09-13 22:17:09,Good,20,30,5,0.5,1.0,79.7,94.797,209.0,12.531
19,4,2026-09-13 22:18:58,Good,20,30,5,0.5,1.0,80.5,88.592,127.0,5.447
20,5,2026-09-13 22:20:46,Good,20,30,5,0.5,1.0,75.9,85.482,174.0,6.248
21,1,2026-09-13 22:22:34,Good,20,50,10,0.5,0.0,89.7,103.13,122.0,8.235
22,2,2026-09-13 22:24:22,Good,20,50,10,0.5,1.0,89.7,100.857,117.0,7.688
23,3,2026-09-13 22:26:11,Good,20,50,10,0.5,1.0,96.0,113.553,340.0,13.666
24,4,2026-09-13 22:27:59,Good,20,50,10,0.5,0.0,93.6,106.618,134.0,8.115
25,5,2026-09-13 22:29:48,Good,20,50,10,0.5,3.0,92.1,104.466,127.0,8.46
26,1,2026-09-13 22:31:36,Good,10,30,5,0,0.0,79.4,91.38,192.0,7.744
27,2,2026-09-13 22:33:23,Good,10,30,5,0,0.0,73.8,82.456,111.0,5.253
28,3,2026-09-13 22:35:11,Good,10,30,5,0,0.0,75.8,88.546,212.0,10.308
29,4,2026-09-13 22:36:59,Good,10,30,5,0,1.0,78.0,84.111,97.4,4.232
30,5,2026-09-13 22:38:48,Good,10,30,5,0,2.0,76.3,85.627,176.0,7.133
31,1,2026-09-13 22:40:36,Good,10,50,10,0.5,1.0,97.3,109.528,127.0,8.342
32,2,2026-09-13 22:42:25,Good,10,50,10,0.5,1.0,95.0,109.984,167.0,9.863
33,3,2026-09-13 22:44:14,Good,10,50,10,0.5,2.0,90.1,102.149,123.0,7.367
34,4,2026-09-13 22:46:01,Good,10,50,10,0.5,0.0,91.1,103.836,121.0,8.239
35,5,2026-09-13 22:47:49,Good,10,50,10,0.5,0.0,93.3,108.263,186.0,9.885
36,1,2026-09-13 22:49:38,Moderate,10,100,10,2,3.0,141.0,152.526,169.0,7.125
37,2,2026-09-13 22:51:27,Moderate,10,100,10,2,1.0,145.0,161.495,196.0,10.102
38,3,2026-09-13 22:53:16,Moderate,10,100,10,2,3.0,141.0,154.01,175.0,7.625
39,4,2026-09-13 22:55:04,Moderate,10,100,10,2,1.0,139.0,150.636,180.0,7.98
40,5,2026-09-13 22:56:53,Moderate,10,100,10,2,1.0,142.0,157.192,267.0,11.286
41,1,2026-09-13 22:58:42,Moderate,10,150,20,2,1.0,184.0,210.0,265.0,17.806
42,2,2026-09-13 23:00:30,Moderate,10,150,20,2,2.0,185.0,208.98,263.0,15.825
43,3,2026-09-13 23:02:19,Moderate,10,150,20,2,2.0,182.0,207.612,249.0,17.082
44,4,2026-09-13 23:04:08,Moderate,10,150,20,2,3.0,182.0,205.577,243.0,14.521
45,5,2026-09-13 23:05:57,Moderate,10,150,20,2,2.0,187.0,208.378,236.0,14.474
46,1,2026-09-13 23:07:46,Moderate,5,100,10,1,2.0,141.0,156.357,184.0,7.577
47,2,2026-09-13 23:09:34,Moderate,5,100,10,1,0.0,139.0,152.5,167.0,7.525
48,3,2026-09-13 23:11:23,Moderate,5,100,10,1,5.0,144.0,158.905,186.0,8.702
49,4,2026-09-13 23:13:12,Moderate,5,100,10,1,3.0,143.0,155.371,199.0,8.74
50,5,2026-09-13 23:15:00,Moderate,5,100,10,1,0.0,139.0,152.56,206.0,8.263
51,1,2026-09-13 23:16:49,Moderate,5,150,20,2,4.0,178.0,199.698,228.0,14.505
52,2,2026-09-13 23:18:38,Moderate,5,150,20,2,5.0,181.0,205.768,243.0,14.574
53,3,2026-09-13 23:20:27,Moderate,5,150,20,2,1.0,185.0,209.081,238.0,14.378
54,4,2026-09-13 23:22:16,Moderate,5,150,20,2,4.0,185.0,209.719,263.0,16.0
55,5,2026-09-13 23:24:04,Moderate,5,150,20,2,4.0,179.0,205.021,298.0,15.6
56,1,2026-09-13 23:25:53,Poor,5,200,20,5,3.0,236.0,260.299,325.0,17.625
57,2,2026-09-13 23:27:42,Poor,5,200,20,5,2.0,232.0,256.714,301.0,15.309
58,3,2026-09-13 23:29:31,Poor,5,200,20,5,4.0,236.0,258.812,371.0,19.042
59,4,2026-09-13 23:31:20,Poor,5,200,20,5,6.0,233.0,257.947,343.0,17.559
60,5,2026-09-13 23:33:09,Poor,5,200,20,5,7.0,228.0,252.075,289.0,12.783
61,1,2026-09-13 23:34:58,Poor,5,250,30,5,7.0,276.0,314.473,513.0,27.043
62,2,2026-09-13 23:36:47,Poor,5,250,30,5,3.0,278.0,315.753,507.0,27.479
63,3,2026-09-13 23:38:36,Poor,5,250,30,5,6.0,280.0,327.149,465.0,42.43
64,4,2026-09-13 23:40:25,Poor,5,250,30,5,12.0,274.0,311.795,460.0,30.322
65,5,2026-09-13 23:42:14,Poor,5,250,30,5,9.0,277.0,314.78,464.0,23.389
66,1,2026-09-13 23:44:04,Poor,2,200,20,5,5.0,235.0,262.663,310.0,16.138
67,2,2026-09-13 23:45:52,Poor,2,200,20,5,2.0,238.0,266.092,321.0,17.464
68,3,2026-09-13 23:47:41,Poor,2,200,20,5,8.0,232.0,260.946,362.0,20.044
69,4,2026-09-13 23:49:30,Poor,2,200,20,5,2.0,235.0,259.031,312.0,16.289
70,5,2026-09-13 23:51:19,Poor,2,200,20,5,6.0,238.0,265.479,325.0,15.226
71,1,2026-09-13 23:53:08,Poor,2,250,30,5,4.0,277.0,306.292,344.0,20.116
72,2,2026-09-13 23:54:57,Poor,2,250,30,5,6.0,274.0,309.223,349.0,19.978
73,3,2026-09-13 23:56:46,Poor,2,250,30,5,8.0,278.0,313.793,365.0,21.363
74,4,2026-09-13 23:58:35,Poor,2,250,30,5,5.0,277.0,312.611,486.0,29.904
75,5,2026-09-14 00:00:23,Poor,2,250,30,5,2.0,274.0,313.418,425.0,24.546
76,1,2026-09-14 00:02:17,Very Poor,2,300,30,8,6.0,326.0,365.394,548.0,27.204
77,2,2026-09-14 00:04:23,Very Poor,2,300,30,8,12.0,321.0,354.75,404.0,22.471
78,3,2026-09-14 00:06:13,Very Poor,2,300,30,8,10.0,321.0,360.389,467.0,24.056
79,4,2026-09-14 00:08:04,Very Poor,2,300,30,8,5.0,326.0,369.126,496.0,33.138
80,5,2026-09-14 00:09:53,Very Poor,2,300,30,8,5.0,324.0,369.505,565.0,37.074
81,1,2026-09-14 00:11:43,Very Poor,2,400,50,10,9.0,406.0,466.066,667.0,39.222
82,2,2026-09-14 00:13:32,Very Poor,2,400,50,10,11.0,406.0,470.18,713.0,53.375
83,3,2026-09-14 00:15:21,Very Poor,2,400,50,10,16.0,411.0,464.738,604.0,35.831
84,4,2026-09-14 00:17:11,Very Poor,2,400,50,10,16.0,409.0,470.464,638.0,52.337
85,5,2026-09-14 00:19:02,Very Poor,2,400,50,10,13.0,403.0,474.241,1093.0,58.814
86,1,2026-09-14 00:20:51,Very Poor,2,400,50,15,14.0,404.0,455.616,556.0,33.482
87,2,2026-09-14 00:22:51,Very Poor,2,400,50,15,20.0,409.0,469.5,634.0,49.456
88,3,2026-09-14 00:24:39,Very Poor,2,400,50,15,14.0,409.0,463.547,539.0,33.859
89,4,2026-09-14 00:26:29,Very Poor,2,400,50,15,19.0,409.0,465.012,532.0,33.938
90,5,2026-09-14 00:28:19,Very Poor,2,400,50,15,16.0,403.0,460.536,603.0,37.349
91,1,2026-09-14 00:30:08,Very Poor,1,300,30,10,13.0,324.0,368.069,430.0,25.337
92,2,2026-09-14 00:31:57,Very Poor,1,300,30,10,11.0,320.0,352.461,401.0,19.966
93,3,2026-09-14 00:33:47,Very Poor,1,300,30,10,11.0,329.0,361.809,412.0,21.318
94,4,2026-09-14 00:35:35,Very Poor,1,300,30,10,10.0,319.0,361.333,501.0,29.708
95,5,2026-09-14 00:37:24,Very Poor,1,300,30,10,8.0,326.0,361.011,472.0,26.527
96,1,2026-09-14 00:39:14,Very Poor,1,400,50,15,22.0,407.0,463.295,604.0,38.234
97,2,2026-09-14 00:41:03,Very Poor,1,400,50,15,12.0,405.0,461.943,521.0,31.046
98,3,2026-09-14 00:42:58,Very Poor,1,400,50,15,17.0,402.0,460.952,538.0,37.524
99,4,2026-09-14 00:44:48,Very Poor,1,400,50,15,19.0,413.0,475.778,608.0,41.587
100,5,2026-09-14 00:46:38,Very Poor,1,400,50,15,23.0,410.0,466.143,628.0,45.487
