measured_packet_loss_percent,min_latency_ms,avg_latency_ms,max_latency_ms,measured_jitter_ms,latency_range_ms,latency_variability_ms,latency_ratio,loss_difference_percent,loss_ratio,jitter_latency_ratio,condition
0.0,47.9,51.657,61.8,2.239,13.9,10.143,1.0784342379958245,0.0,1.2,0.0433435933174594,Excellent
5.0,47.5,53.099,137.0,3.85,89.5,83.90100000000001,1.1178736842105264,5.0,1.2,0.0725060735607073,Excellent
0.0,54.9,59.477,68.8,2.506,13.9,9.323,1.0833697632058288,0.0,1.2,0.0421339341257965,Excellent
0.0,48.0,52.145,61.4,2.419,13.4,9.254999999999995,1.0863541666666667,0.0,1.2,0.0463898743887237,Excellent
0.0,51.7,56.494,91.7,3.101,40.0,35.206,1.0927272727272728,0.0,1.2,0.0548907848621092,Excellent
0.0,75.9,82.567,106.0,4.662,30.099999999999994,23.433000000000007,1.087839262187088,0.0,1.2,0.0564632359174973,Excellent
0.0,74.8,82.189,110.0,4.682,35.2,27.811000000000007,1.098783422459893,0.0,1.2,0.05696626069182,Excellent
1.0,81.5,88.991,118.0,4.94,36.5,29.009,1.091914110429448,1.0,1.2,0.0555112314728455,Excellent
1.0,72.3,81.2,91.4,4.452,19.10000000000001,10.200000000000005,1.1230982019363762,1.0,1.2,0.0548275862068965,Excellent
0.0,78.4,86.346,97.5,4.432,19.099999999999994,11.153999999999996,1.1013520408163264,0.0,1.2,0.0513283765316285,Excellent
0.0,47.1,51.145,76.4,2.325,29.300000000000004,25.255000000000003,1.0858811040339702,0.0,1.2,0.0454589891484993,Excellent
1.0,50.5,55.894,75.6,3.234,25.099999999999994,19.706,1.106811881188119,1.0,1.2,0.0578595198053458,Excellent
0.0,50.9,55.545,64.9,2.285,14.000000000000009,9.355000000000004,1.0912573673870334,0.0,1.2,0.0411378161850751,Excellent
0.0,50.2,57.238,185.0,9.271,134.8,127.762,1.140199203187251,0.0,1.2,0.1619728152625878,Excellent
0.0,54.4,67.82,252.0,15.89,197.6,184.18,1.246691176470588,0.0,1.2,0.2342966676496609,Excellent
1.0,72.7,90.359,224.0,12.772,151.3,133.64100000000002,1.2429023383768911,0.5,2.0,0.1413472924667161,Good
3.0,77.9,90.947,296.0,13.142,218.1,205.053,1.1674839537869062,2.5,6.0,0.1445017427732635,Good
1.0,79.7,94.797,209.0,12.531,129.3,114.203,1.189422835633626,0.5,2.0,0.1321877274597297,Good
1.0,80.5,88.592,127.0,5.447,46.5,38.408,1.1005217391304347,0.5,2.0,0.0614841069171031,Good
1.0,75.9,85.482,174.0,6.248,98.1,88.518,1.1262450592885374,0.5,2.0,0.0730914110572986,Good
0.0,89.7,103.13,122.0,8.235,32.3,18.870000000000005,1.149721293199554,-0.5,0.0,0.0798506739067196,Good
1.0,89.7,100.857,117.0,7.688,27.3,16.143,1.12438127090301,0.5,2.0,0.0762267368650663,Good
1.0,96.0,113.553,340.0,13.666,244.0,226.447,1.18284375,0.5,2.0,0.1203490880910235,Good
0.0,93.6,106.618,134.0,8.115,40.400000000000006,27.382000000000005,1.1390811965811969,-0.5,0.0,0.0761128514884916,Good
3.0,92.1,104.466,127.0,8.46,34.900000000000006,22.53400000000001,1.1342671009771987,2.5,6.0,0.0809832864281201,Good
0.0,79.4,91.38,192.0,7.744,112.6,100.62,1.15088161209068,0.0,1.2,0.0847450207922959,Good
0.0,73.8,82.456,111.0,5.253,37.2,28.544,1.117289972899729,0.0,1.2,0.0637067041816241,Good
0.0,75.8,88.546,212.0,10.308,136.2,123.454,1.1681530343007918,0.0,1.2,0.1164140672644726,Good
1.0,78.0,84.111,97.4,4.232,19.40000000000001,13.289,1.0783461538461538,1.0,1.2,0.050314465408805,Good
2.0,76.3,85.627,176.0,7.133,99.7,90.373,1.1222411533420709,2.0,1.2,0.0833031637217232,Good
1.0,97.3,109.528,127.0,8.342,29.700000000000003,17.471999999999994,1.1256731757451184,0.5,2.0,0.0761631728872982,Good
1.0,95.0,109.984,167.0,9.863,72.0,57.016000000000005,1.1577263157894735,0.5,2.0,0.0896766802443991,Good
2.0,90.1,102.149,123.0,7.367,32.900000000000006,20.851,1.1337291897891233,1.5,4.0,0.0721201382294491,Good
0.0,91.1,103.836,121.0,8.239,29.90000000000001,17.164,1.13980241492865,-0.5,0.0,0.079346276821141,Good
0.0,93.3,108.263,186.0,9.885,92.7,77.737,1.1603751339764203,-0.5,0.0,0.0913054321420984,Good
3.0,141.0,152.526,169.0,7.125,28.0,16.47399999999999,1.081744680851064,1.0,1.5,0.0467133472326029,Moderate
1.0,145.0,161.495,196.0,10.102,51.0,34.504999999999995,1.1137586206896553,-1.0,0.5,0.0625530202173441,Moderate
3.0,141.0,154.01,175.0,7.625,34.0,20.99000000000001,1.0922695035460992,1.0,1.5,0.0495097720927212,Moderate
1.0,139.0,150.636,180.0,7.98,41.0,29.364000000000004,1.0837122302158273,-1.0,0.5,0.05297538437027,Moderate
1.0,142.0,157.192,267.0,11.286,125.0,109.808,1.1069859154929578,-1.0,0.5,0.0717975469489541,Moderate
1.0,184.0,210.0,265.0,17.806,81.0,55.0,1.141304347826087,-1.0,0.5,0.0847904761904762,Moderate
2.0,185.0,208.98,263.0,15.825,78.0,54.02000000000001,1.1296216216216215,0.0,1.0,0.0757249497559575,Moderate
2.0,182.0,207.612,249.0,17.082,67.0,41.388000000000005,1.1407252747252747,0.0,1.0,0.0822784810126582,Moderate
3.0,182.0,205.577,243.0,14.521,61.0,37.423,1.129543956043956,1.0,1.5,0.070635333719239,Moderate
2.0,187.0,208.378,236.0,14.474,49.0,27.62200000000001,1.1143208556149733,0.0,1.0,0.0694603077100269,Moderate
2.0,141.0,156.357,184.0,7.577,43.0,27.643,1.1089148936170212,1.0,2.0,0.0484596148557467,Moderate
0.0,139.0,152.5,167.0,7.525,28.0,14.5,1.0971223021582734,-1.0,0.0,0.0493442622950819,Moderate
5.0,144.0,158.905,186.0,8.702,42.0,27.095,1.1035069444444443,4.0,5.0,0.0547622793492967,Moderate
3.0,143.0,155.371,199.0,8.74,56.0,43.62899999999999,1.0865104895104896,2.0,3.0,0.0562524538041204,Moderate
0.0,139.0,152.56,206.0,8.263,67.0,53.44,1.0975539568345325,-1.0,0.0,0.0541622968012585,Moderate
4.0,178.0,199.698,228.0,14.505,50.0,28.301999999999992,1.1218988764044944,2.0,2.0,0.0726346783643301,Moderate
5.0,181.0,205.768,243.0,14.574,62.0,37.232,1.136839779005525,3.0,2.5,0.0708273395280121,Moderate
1.0,185.0,209.081,238.0,14.378,53.0,28.91900000000001,1.1301675675675675,-1.0,0.5,0.0687676068126706,Moderate
4.0,185.0,209.719,263.0,16.0,78.0,53.281000000000006,1.1336162162162162,2.0,2.0,0.0762925629056022,Moderate
4.0,179.0,205.021,298.0,15.6,119.0,92.979,1.1453687150837988,2.0,2.0,0.0760897664141722,Moderate
3.0,236.0,260.299,325.0,17.625,89.0,64.70100000000002,1.1029618644067796,-2.0,0.6,0.0677105943549533,Poor
2.0,232.0,256.714,301.0,15.309,69.0,44.286,1.1065258620689655,-3.0,0.4,0.0596344570222114,Poor
4.0,236.0,258.812,371.0,19.042,135.0,112.188,1.0966610169491526,-1.0,0.8,0.0735746410521923,Poor
6.0,233.0,257.947,343.0,17.559,110.0,85.053,1.107068669527897,1.0,1.2,0.0680721233431674,Poor
7.0,228.0,252.075,289.0,12.783,61.0,36.92500000000001,1.105592105263158,2.0,1.4,0.0507110978875334,Poor
7.0,276.0,314.473,513.0,27.043,237.0,198.527,1.1393949275362318,2.0,1.4,0.0859946640888088,Poor
3.0,278.0,315.753,507.0,27.479,229.0,191.247,1.1358021582733813,-2.0,0.6,0.0870268849385437,Poor
6.0,280.0,327.149,465.0,42.43,185.0,137.851,1.1683892857142857,1.0,1.2,0.1296962546118129,Poor
12.0,274.0,311.795,460.0,30.322,186.0,148.20499999999998,1.1379379562043797,7.0,2.4,0.0972497955387353,Poor
9.0,277.0,314.78,464.0,23.389,187.0,149.22000000000003,1.1363898916967508,4.0,1.8,0.0743026875913336,Poor
5.0,235.0,262.663,310.0,16.138,75.0,47.33699999999999,1.1177148936170214,0.0,1.0,0.0614399439586085,Poor
2.0,238.0,266.092,321.0,17.464,83.0,54.908000000000015,1.118033613445378,-3.0,0.4,0.0656314357440283,Poor
8.0,232.0,260.946,362.0,20.044,130.0,101.05399999999996,1.1247672413793104,3.0,1.6,0.076812827174971,Poor
2.0,235.0,259.031,312.0,16.289,77.0,52.969,1.1022595744680852,-3.0,0.4,0.062884365191811,Poor
6.0,238.0,265.479,325.0,15.226,87.0,59.521000000000015,1.1154579831932772,1.0,1.2,0.0573529356370937,Poor
4.0,277.0,306.292,344.0,20.116,67.0,37.70800000000003,1.1057472924187726,-1.0,0.8,0.0656758909798493,Poor
6.0,274.0,309.223,349.0,19.978,75.0,39.77699999999999,1.128551094890511,1.0,1.2,0.0646070958499206,Poor
8.0,278.0,313.793,365.0,21.363,87.0,51.207,1.128751798561151,3.0,1.6,0.0680799125538173,Poor
5.0,277.0,312.611,486.0,29.904,209.0,173.389,1.1285595667870036,0.0,1.0,0.0956588219864304,Poor
2.0,274.0,313.418,425.0,24.546,151.0,111.582,1.1438613138686131,-3.0,0.4,0.0783171355825128,Poor
6.0,326.0,365.394,548.0,27.204,222.0,182.606,1.120840490797546,-2.0,0.75,0.0744511404128146,Very Poor
12.0,321.0,354.75,404.0,22.471,83.0,49.25,1.105140186915888,4.0,1.5,0.0633431994362226,Very Poor
10.0,321.0,360.389,467.0,24.056,146.0,106.611,1.1227071651090343,2.0,1.25,0.066750095036197,Very Poor
5.0,326.0,369.126,496.0,33.138,170.0,126.87400000000002,1.1322883435582822,-3.0,0.625,0.0897742234358999,Very Poor
5.0,324.0,369.505,565.0,37.074,241.0,195.495,1.1404475308641977,-3.0,0.625,0.1003342309305692,Very Poor
9.0,406.0,466.066,667.0,39.222,261.0,200.93400000000003,1.1479458128078817,-1.0,0.9,0.0841554629601816,Very Poor
11.0,406.0,470.18,713.0,53.375,307.0,242.82,1.1580788177339902,1.0,1.1,0.1135203539070143,Very Poor
16.0,411.0,464.738,604.0,35.831,193.0,139.262,1.130749391727494,6.0,1.6,0.0770993549053445,Very Poor
16.0,409.0,470.464,638.0,52.337,229.0,167.536,1.150278728606357,6.0,1.6,0.1112454938103659,Very Poor
13.0,403.0,474.241,1093.0,58.814,690.0,618.759,1.1767766749379651,3.0,1.3,0.1240171136616193,Very Poor
14.0,404.0,455.616,556.0,33.482,152.0,100.384,1.1277623762376237,-1.0,0.9333333333333332,0.0734873226576766,Very Poor
20.0,409.0,469.5,634.0,49.456,225.0,164.5,1.147921760391198,5.0,1.3333333333333333,0.1053375931842385,Very Poor
14.0,409.0,463.547,539.0,33.859,130.0,75.45299999999997,1.1333667481662593,-1.0,0.9333333333333332,0.0730432944232192,Very Poor
19.0,409.0,465.012,532.0,33.938,123.0,66.988,1.1369486552567236,4.0,1.2666666666666666,0.0729830628026803,Very Poor
16.0,403.0,460.536,603.0,37.349,200.0,142.464,1.1427692307692308,1.0,1.0666666666666669,0.0810989803185853,Very Poor
13.0,324.0,368.069,430.0,25.337,106.0,61.93099999999998,1.1360154320987654,3.0,1.3,0.0688376364214318,Very Poor
11.0,320.0,352.461,401.0,19.966,81.0,48.53899999999999,1.101440625,1.0,1.1,0.0566474021239229,Very Poor
11.0,329.0,361.809,412.0,21.318,83.0,50.19099999999997,1.0997234042553192,1.0,1.1,0.0589205906984071,Very Poor
10.0,319.0,361.333,501.0,29.708,182.0,139.66699999999997,1.1327053291536051,0.0,1.0,0.0822177880237896,Very Poor
8.0,326.0,361.011,472.0,26.527,146.0,110.98899999999998,1.1073957055214725,-2.0,0.8,0.0734797554645149,Very Poor
22.0,407.0,463.295,604.0,38.234,197.0,140.70499999999998,1.1383169533169533,7.0,1.4666666666666666,0.0825262521719422,Very Poor
12.0,405.0,461.943,521.0,31.046,116.0,59.057000000000016,1.1406,-3.0,0.8,0.0672074260244229,Very Poor
17.0,402.0,460.952,538.0,37.524,136.0,77.048,1.1466467661691542,2.0,1.1333333333333333,0.0814054391780489,Very Poor
19.0,413.0,475.778,608.0,41.587,195.0,132.22199999999998,1.1520048426150122,4.0,1.2666666666666666,0.0874084131674856,Very Poor
23.0,410.0,466.143,628.0,45.487,218.0,161.85700000000003,1.1369341463414633,8.0,1.5333333333333334,0.0975816434012738,Very Poor
