timestamp,packet_loss_percent,min_latency_ms,avg_latency_ms,max_latency_ms,jitter_ms,latency_range_ms,previous_latency_ms,previous_jitter_ms,previous_packet_loss_percent,latency_change_ms,jitter_change_ms,packet_loss_change_percent,rolling_avg_latency_ms,rolling_avg_jitter_ms,rolling_avg_packet_loss_percent,rolling_latency_std_ms,rolling_jitter_std_ms,absolute_latency_change_ms,absolute_jitter_change_ms,absolute_packet_loss_change_percent,future_latency_ms,future_jitter_ms,future_packet_loss_percent,future_latency_change_ms,future_jitter_change_ms,future_packet_loss_change_percent
2026-09-15 14:59:08,0.0,28.0,31.32,39.7,3.4,11.7,38.46,2.267,0.0,-7.140000000000001,1.133,0.0,34.89,2.8335,0.0,5.048742417671949,0.8011519830843584,7.140000000000001,1.133,0.0,52.48,1.4,0.0,21.159999999999997,-2.0,0.0
2026-09-15 14:59:23,0.0,50.8,52.48,57.4,1.4,6.6,31.32,3.4,0.0,21.159999999999997,-2.0,0.0,40.75333333333333,2.3556666666666666,0.0,10.76480066389217,1.002943833588568,21.159999999999997,2.0,0.0,54.57,2.967,0.0,2.0900000000000034,1.5670000000000002,0.0
2026-09-15 14:59:41,0.0,50.0,54.57,66.6,2.967,16.6,52.48,1.4,0.0,2.0900000000000034,1.5670000000000002,0.0,44.207499999999996,2.5084999999999997,0.0,11.179401817628706,0.8740879055716688,2.0900000000000034,1.5670000000000002,0.0,52.31,1.5,0.0,-2.259999999999998,-1.467,0.0
2026-09-15 14:59:57,0.0,50.1,52.31,54.8,1.5,4.7,54.57,2.967,0.0,-2.259999999999998,-1.467,0.0,45.827999999999996,2.3068,0.0,10.337522430447251,0.8811564560280994,2.259999999999998,1.467,0.0,31.5,1.733,0.0,-20.810000000000002,0.2330000000000001,0.0
2026-09-15 15:00:14,0.0,28.7,31.5,33.8,1.733,5.1,52.31,1.5,0.0,-20.810000000000002,0.2330000000000001,0.0,44.436,2.2,0.0,11.924484475229946,0.9187461564545454,20.810000000000002,0.2330000000000001,0.0,32.96,2.267,0.0,1.4600000000000009,0.5339999999999998,0.0
2026-09-15 15:00:31,0.0,29.6,32.96,35.7,2.267,6.1,31.5,1.733,0.0,1.4600000000000009,0.5339999999999998,0.0,44.763999999999996,1.9734000000000003,0.0,11.488086437697099,0.6488700178001754,1.4600000000000009,0.5339999999999998,0.0,33.82,1.967,0.0,0.8599999999999994,-0.2999999999999998,0.0
2026-09-15 15:00:46,0.0,31.3,33.82,36.2,1.967,4.9,32.96,2.267,0.0,0.8599999999999994,-0.2999999999999998,0.0,41.032000000000004,2.0867999999999998,0.0,11.385296219246996,0.5681295626879488,0.8599999999999994,0.2999999999999998,0.0,53.81,2.756,0.0,19.990000000000002,0.7889999999999997,0.0
2026-09-15 15:01:00,0.0,51.3,53.81,58.8,2.756,7.5,33.82,1.967,0.0,19.990000000000002,0.7889999999999997,0.0,40.88000000000001,2.0446,0.0,11.162260075809018,0.48868630019676207,19.990000000000002,0.7889999999999997,0.0,32.14,2.044,0.0,-21.67,-0.7119999999999997,0.0
2026-09-15 15:01:15,0.0,29.9,32.14,34.2,2.044,4.3,53.81,2.756,0.0,-21.67,-0.7119999999999997,0.0,36.846000000000004,2.1534,0.0,9.523144438681996,0.387130856429709,21.67,0.7119999999999997,0.0,33.97,1.311,0.0,1.8299999999999983,-0.7330000000000001,0.0
2026-09-15 15:01:34,0.0,32.0,33.97,36.6,1.311,4.6,32.14,2.044,0.0,1.8299999999999983,-0.7330000000000001,0.0,37.34,2.069,0.0,9.23624111855033,0.5236329821544857,1.8299999999999983,0.7330000000000001,0.0,75.82,12.389,0.0,41.849999999999994,11.078,0.0
2026-09-15 15:01:51,0.0,51.2,75.82,154.0,12.389,102.8,33.97,1.311,0.0,41.849999999999994,11.078,0.0,45.912,4.0934,0.0,18.943090296992196,4.665538157597685,41.849999999999994,11.078,0.0,52.23,3.889,0.0,-23.589999999999996,-8.5,0.0
2026-09-15 15:02:05,0.0,48.5,52.23,59.9,3.889,11.4,75.82,12.389,0.0,-23.589999999999996,-8.5,0.0,49.594,4.4778,0.0,17.757235989871848,4.523559737640258,23.589999999999996,8.5,0.0,34.88,2.044,0.0,-17.349999999999994,-1.8449999999999998,0.0
2026-09-15 15:02:19,0.0,31.3,34.88,37.5,2.044,6.2,52.23,3.889,0.0,-17.349999999999994,-1.8449999999999998,0.0,45.80799999999999,4.3354,0.0,18.630189746752443,4.601841185873324,17.349999999999994,1.8449999999999998,0.0,51.85,2.433,0.0,16.97,0.3889999999999998,0.0
2026-09-15 15:02:34,0.0,48.4,51.85,54.4,2.433,6.0,34.88,2.044,0.0,16.97,0.3889999999999998,0.0,49.75,4.4132,0.0,17.03181288060669,4.556482107942486,16.97,0.3889999999999998,0.0,64.82,28.833,0.0,12.969999999999992,26.4,0.0
2026-09-15 15:03:19,0.0,50.3,64.82,175.0,28.833,124.7,51.85,2.433,0.0,12.969999999999992,26.4,0.0,55.92,9.917599999999998,0.0,15.395474984553099,11.38262938867817,12.969999999999992,26.4,0.0,31.944,4.125,10.0,-32.87599999999999,-24.708,10.0
2026-09-15 15:03:34,10.0,28.8,31.944,37.6,4.125,8.8,64.82,28.833,0.0,-32.87599999999999,-24.708,10.0,47.1448,8.2648,2.0,13.618925258624483,11.533046700677145,32.87599999999999,24.708,10.0,49.96,13.456,0.0,18.016000000000002,9.331,-10.0
2026-09-15 15:03:49,0.0,39.4,49.96,94.2,13.456,54.8,31.944,4.125,10.0,18.016000000000002,9.331,-10.0,46.6908,10.1782,2.0,13.443734719191683,11.418626217719888,18.016000000000002,9.331,10.0,53.03,2.0,0.0,3.0700000000000003,-11.456,0.0
2026-09-15 15:04:04,0.0,49.4,53.03,58.4,2.0,9.0,49.96,13.456,0.0,3.0700000000000003,-11.456,0.0,50.320800000000006,10.1694,2.0,11.80828070465807,11.426476460396705,3.0700000000000003,11.456,0.0,41.54,6.311,0.0,-11.490000000000002,4.311,0.0
2026-09-15 15:04:19,0.0,36.5,41.54,56.1,6.311,19.6,53.03,2.0,0.0,-11.490000000000002,4.311,0.0,48.258799999999994,10.945,2.0,12.361702439389163,10.889043185698183,11.490000000000002,4.311,0.0,33.84,2.844,0.0,-7.699999999999996,-3.467,0.0
2026-09-15 15:04:34,0.0,30.9,33.84,38.6,2.844,7.7,41.54,6.311,0.0,-7.699999999999996,-3.467,0.0,42.062799999999996,5.7472,2.0,9.393124038359101,4.605569421906482,7.699999999999996,3.467,0.0,53.63,3.833,0.0,19.79,0.9890000000000003,0.0
2026-09-15 15:04:48,0.0,49.7,53.63,59.2,3.833,9.5,33.84,2.844,0.0,19.79,0.9890000000000003,0.0,46.4,5.6888,0.0,8.518752842992917,4.633051230021098,19.79,0.9890000000000003,0.0,54.46,4.756,0.0,0.8299999999999983,0.923,0.0
2026-09-15 15:05:08,0.0,49.0,54.46,64.1,4.756,15.1,53.63,3.833,0.0,0.8299999999999983,0.923,0.0,47.3,3.9488,0.0,9.199410307188172,1.6780475857376624,0.8299999999999983,0.923,0.0,56.68,7.544,0.0,2.219999999999999,2.7879999999999994,0.0
2026-09-15 15:05:23,0.0,50.4,56.68,77.3,7.544,26.9,54.46,4.756,0.0,2.219999999999999,2.7879999999999994,0.0,48.03,5.0576,0.0,9.886905481494198,1.8870498933520556,2.219999999999999,2.7879999999999994,0.0,37.47,6.056,0.0,-19.21,-1.4879999999999995,0.0
2026-09-15 15:05:40,0.0,28.2,37.47,78.5,6.056,50.3,56.68,7.544,0.0,-19.21,-1.4879999999999995,0.0,47.216,5.006600000000001,0.0,10.689762859858023,1.84774289337018,19.21,1.4879999999999995,0.0,33.77,3.9,0.0,-3.6999999999999957,-2.156,0.0
2026-09-15 15:05:54,0.0,30.1,33.77,41.4,3.9,11.3,37.47,6.056,0.0,-3.6999999999999957,-2.156,0.0,47.202000000000005,5.2177999999999995,0.0,10.711683807880066,1.579660786371557,3.6999999999999957,2.156,0.0,53.03,2.311,0.0,19.259999999999998,-1.589,0.0
2026-09-15 15:06:08,0.0,49.9,53.03,56.7,2.311,6.8,33.77,3.9,0.0,19.259999999999998,-1.589,0.0,47.082,4.9134,0.0,10.624677406867466,2.0031120288191584,19.259999999999998,1.589,0.0,45.63,22.711,0.0,-7.399999999999999,20.4,0.0
2026-09-15 15:06:30,0.0,29.7,45.63,79.3,22.711,49.6,53.03,2.311,0.0,-7.399999999999999,20.4,0.0,45.316,8.5044,0.0,9.79304242817317,8.189981947477053,7.399999999999999,20.4,0.0,58.79,13.933,0.0,13.159999999999997,-8.777999999999999,0.0
2026-09-15 15:06:46,0.0,49.8,58.79,102.0,13.933,52.2,45.63,22.711,0.0,13.159999999999997,-8.777999999999999,0.0,45.738,9.7822,0.0,10.429914668874327,8.495391144614828,13.159999999999997,8.777999999999999,0.0,64.54,29.333,0.0,5.750000000000007,15.399999999999999,0.0
2026-09-15 15:07:04,0.0,49.6,64.54,170.0,29.333,120.4,58.79,13.933,0.0,5.750000000000007,15.399999999999999,0.0,51.152,14.437599999999998,0.0,11.976340008533496,11.711875930012239,5.750000000000007,15.399999999999999,0.0,51.96,3.411,0.0,-12.580000000000005,-25.921999999999997,0.0
2026-09-15 15:07:18,0.0,49.2,51.96,56.1,3.411,6.9,64.54,29.333,0.0,-12.580000000000005,-25.921999999999997,0.0,54.79,14.3398,0.0,7.177649336656136,11.82337960145068,12.580000000000005,25.921999999999997,0.0,53.88,4.067,0.0,1.9200000000000017,0.6560000000000001,0.0
2026-09-15 15:07:32,0.0,50.1,53.88,59.3,4.067,9.2,51.96,3.411,0.0,1.9200000000000017,0.6560000000000001,0.0,54.96,14.690999999999999,0.0,7.135485267310155,11.395074637754684,1.9200000000000017,0.6560000000000001,0.0,32.28,2.322,0.0,-21.6,-1.745,0.0
2026-09-15 15:07:47,0.0,28.7,32.28,36.0,2.322,7.3,53.88,4.067,0.0,-21.6,-1.745,0.0,52.290000000000006,10.613199999999999,0.0,12.199893442157606,11.455570705992784,21.6,1.745,0.0,62.43,21.644,0.0,30.15,19.322,0.0
2026-09-15 15:08:01,0.0,51.2,62.43,140.0,21.644,88.8,32.28,2.322,0.0,30.15,19.322,0.0,53.01800000000001,12.1554,0.0,12.779566502820048,12.486852818064285,30.15,19.322,0.0,37.444,8.188,10.0,-24.985999999999997,-13.455999999999998,10.0
2026-09-15 15:08:17,10.0,30.4,37.444,60.0,8.188,29.6,62.43,21.644,0.0,-24.985999999999997,-13.455999999999998,10.0,47.5988,7.926399999999999,2.0,12.411926006869356,7.983327771048862,24.985999999999997,13.455999999999998,10.0,32.86,2.189,0.0,-4.584000000000003,-5.9990000000000006,-10.0
2026-09-15 15:08:34,0.0,27.7,32.86,36.3,2.189,8.6,37.444,8.188,10.0,-4.584000000000003,-5.9990000000000006,-10.0,43.778800000000004,7.6819999999999995,2.0,13.615008160115062,8.1725815077,4.584000000000003,5.9990000000000006,10.0,32.9,2.833,0.0,0.03999999999999915,0.6440000000000001,0.0
2026-09-15 15:08:51,0.0,29.3,32.9,36.3,2.833,7.0,32.86,2.189,0.0,0.03999999999999915,0.6440000000000001,0.0,39.5828,7.4352,2.0,12.939819906011039,8.326229320646892,0.03999999999999915,0.6440000000000001,0.0,37.75,3.3,0.0,4.850000000000001,0.46699999999999964,0.0
2026-09-15 15:09:06,0.0,33.7,37.75,46.8,3.3,13.1,32.9,2.833,0.0,4.850000000000001,0.46699999999999964,0.0,40.6768,7.630800000000001,2.0,12.38749212714178,8.186393387811265,4.850000000000001,0.46699999999999964,0.0,55.09,3.478,0.0,17.340000000000003,0.17800000000000038,0.0
2026-09-15 15:09:23,0.0,50.8,55.09,59.7,3.478,8.9,37.75,3.3,0.0,17.340000000000003,0.17800000000000038,0.0,39.2088,3.9976,2.0,9.18644856296488,2.394963945448868,17.340000000000003,0.17800000000000038,0.0,37.78,2.778,0.0,-17.310000000000002,-0.7000000000000002,0.0
2026-09-15 15:09:42,0.0,33.0,37.78,44.3,2.778,11.3,55.09,3.478,0.0,-17.310000000000002,-0.7000000000000002,0.0,39.275999999999996,2.9156,0.0,9.171528225982817,0.5044207569083626,17.310000000000002,0.7000000000000002,0.0,43.3,15.122,0.0,5.519999999999996,12.344,0.0
2026-09-15 15:09:57,0.0,29.2,43.3,141.0,15.122,111.8,37.78,2.778,0.0,5.519999999999996,12.344,0.0,41.364,5.5022,0.0,8.510236776964529,5.385942740133801,5.519999999999996,12.344,0.0,51.87,3.356,0.0,8.57,-11.766,0.0
2026-09-15 15:10:11,0.0,33.7,51.87,56.1,3.356,22.4,43.3,15.122,0.0,8.57,-11.766,0.0,45.158,5.6068,0.0,8.007201133979324,5.325888583138029,8.57,11.766,0.0,33.39,6.033,0.0,-18.479999999999997,2.6770000000000005,0.0
2026-09-15 15:10:29,0.0,27.9,33.39,42.0,6.033,14.1,51.87,3.356,0.0,-18.479999999999997,2.6770000000000005,0.0,44.286,6.1533999999999995,0.0,9.16878563387757,5.167853016485667,18.479999999999997,2.6770000000000005,0.0,34.13,5.033,0.0,0.740000000000002,-1.0,0.0
2026-09-15 15:10:45,0.0,29.5,34.13,47.6,5.033,18.1,33.39,6.033,0.0,0.740000000000002,-1.0,0.0,40.093999999999994,6.4644,0.0,7.661920777455185,5.0110065156613,0.740000000000002,1.0,0.0,32.26,2.356,0.0,-1.8700000000000045,-2.6770000000000005,0.0
2026-09-15 15:11:00,0.0,29.3,32.26,38.3,2.356,9.0,34.13,5.033,0.0,-1.8700000000000045,-2.6770000000000005,0.0,38.99,6.38,0.0,8.43716480815679,5.091525655439635,1.8700000000000045,2.6770000000000005,0.0,41.87,9.689,0.0,9.61,7.333,0.0
2026-09-15 15:11:20,0.0,29.6,41.87,72.2,9.689,42.6,32.26,2.356,0.0,9.61,7.333,0.0,38.70399999999999,5.2934,0.0,8.277262832603503,2.8424440715693953,9.61,7.333,0.0,32.28,2.156,0.0,-9.589999999999996,-7.5329999999999995,0.0
2026-09-15 15:11:36,0.0,30.3,32.28,36.3,2.156,6.0,41.87,9.689,0.0,-9.589999999999996,-7.5329999999999995,0.0,34.786,5.0534,0.0,4.0380354134156775,3.0870581951106786,9.589999999999996,7.5329999999999995,0.0,32.03,2.144,0.0,-0.25,-0.01200000000000001,0.0
2026-09-15 15:11:50,0.0,29.0,32.03,34.8,2.144,5.8,32.28,2.156,0.0,-0.25,-0.01200000000000001,0.0,34.513999999999996,4.2756,0.0,4.198205569049603,3.263427691860201,0.25,0.01200000000000001,0.0,31.91,2.133,0.0,-0.120000000000001,-0.01100000000000012,0.0
2026-09-15 15:12:09,0.0,29.2,31.91,33.9,2.133,4.7,32.03,2.144,0.0,-0.120000000000001,-0.01100000000000012,0.0,34.07000000000001,3.6956,0.0,4.363123880890738,3.351675745056493,0.120000000000001,0.01100000000000012,0.0,44.49,9.833,0.0,12.580000000000002,7.7,0.0
2026-09-15 15:12:25,0.0,33.5,44.49,99.3,9.833,65.8,31.91,2.133,0.0,12.580000000000002,7.7,0.0,36.516,5.191,0.0,6.154939479799883,4.172138720129042,12.580000000000002,7.7,0.0,33.09,2.033,0.0,-11.399999999999999,-7.800000000000001,0.0
2026-09-15 15:12:44,0.0,30.7,33.09,36.1,2.033,5.4,44.49,9.833,0.0,-11.399999999999999,-7.800000000000001,0.0,34.760000000000005,3.6597999999999997,0.0,5.458653680166854,3.451270012618543,11.399999999999999,7.800000000000001,0.0,36.99,4.222,0.0,3.8999999999999986,2.1890000000000005,0.0
2026-09-15 15:12:58,0.0,34.1,36.99,45.5,4.222,11.4,33.09,2.033,0.0,3.8999999999999986,2.1890000000000005,0.0,35.702000000000005,4.073,0.0,5.328538261099305,3.3483593743802356,3.8999999999999986,2.1890000000000005,0.0,31.54,1.778,0.0,-5.450000000000003,-2.4440000000000004,0.0
2026-09-15 15:13:12,0.0,28.9,31.54,33.7,1.778,4.8,36.99,4.222,0.0,-5.450000000000003,-2.4440000000000004,0.0,35.604000000000006,3.9998000000000005,0.0,5.416731486791569,3.4046011073252034,5.450000000000003,2.4440000000000004,0.0,33.47,1.689,0.0,1.9299999999999997,-0.08899999999999997,0.0
2026-09-15 15:13:27,0.0,30.3,33.47,36.4,1.689,6.1,31.54,1.778,0.0,1.9299999999999997,-0.08899999999999997,0.0,35.916,3.911,0.0,5.190990271614774,3.470614570936969,1.9299999999999997,0.08899999999999997,0.0,33.29,2.989,0.0,-0.17999999999999972,1.2999999999999998,0.0
2026-09-15 15:13:42,0.0,28.6,33.29,37.4,2.989,8.8,33.47,1.689,0.0,-0.17999999999999972,1.2999999999999998,0.0,33.676,2.5422000000000002,0.0,2.004988778023239,1.0715170087310795,0.17999999999999972,1.2999999999999998,0.0,33.356,6.013,10.0,0.0660000000000025,3.024,10.0
2026-09-15 15:14:11,10.0,27.0,33.356,50.0,6.013,23.0,33.29,2.989,0.0,0.0660000000000025,3.024,10.0,33.729200000000006,3.3382000000000005,2.0,1.9890181497410035,1.8173939308801492,0.0660000000000025,3.024,10.0,31.58,1.733,0.0,-1.7760000000000034,-4.279999999999999,-10.0
2026-09-15 15:14:26,0.0,29.1,31.58,33.7,1.733,4.6,33.356,6.013,10.0,-1.7760000000000034,-4.279999999999999,-10.0,32.6472,2.8404,2.0,0.9946603440366366,1.8552778228610398,1.7760000000000034,4.279999999999999,10.0,40.75,20.778,0.0,9.170000000000002,19.044999999999998,0.0
2026-09-15 15:14:40,0.0,29.8,40.75,120.0,20.778,90.2,31.58,1.733,0.0,9.170000000000002,19.044999999999998,0.0,34.4892,6.6404,2.0,3.585458575970326,8.096249489732886,9.170000000000002,19.044999999999998,0.0,33.722,1.625,10.0,-7.027999999999999,-19.153,10.0
2026-09-15 15:14:57,10.0,32.1,33.722,35.3,1.625,3.2,40.75,20.778,0.0,-7.027999999999999,-19.153,10.0,34.5396,6.627599999999999,4.0,3.5692849143769902,8.106079187868819,7.027999999999999,19.153,10.0,30.47,1.633,0.0,-3.2520000000000024,0.008000000000000007,-10.0
2026-09-15 15:15:15,0.0,28.1,30.47,32.1,1.633,4.0,33.722,1.625,10.0,-3.2520000000000024,0.008000000000000007,-10.0,33.9756,6.356399999999999,4.0,4.011509790589964,8.279084357584479,3.2520000000000024,0.008000000000000007,10.0,31.35,1.922,0.0,0.8800000000000026,0.2889999999999999,0.0
2026-09-15 15:15:32,0.0,28.6,31.35,33.1,1.922,4.5,30.47,1.633,0.0,0.8800000000000026,0.2889999999999999,0.0,33.574400000000004,5.5382,2.0,4.1855079500580485,8.520147809750721,0.8800000000000026,0.2889999999999999,0.0,36.56,2.644,0.0,5.210000000000001,0.7220000000000002,0.0
2026-09-15 15:15:46,0.0,33.5,36.56,42.9,2.644,9.4,31.35,1.922,0.0,5.210000000000001,0.7220000000000002,0.0,34.57040000000001,5.7204,2.0,4.184793997319241,8.42767075175579,5.210000000000001,0.7220000000000002,0.0,33.09,2.5,0.0,-3.469999999999999,-0.14400000000000013,0.0
2026-09-15 15:16:01,0.0,30.1,33.09,38.0,2.5,7.9,36.56,2.644,0.0,-3.469999999999999,-0.14400000000000013,0.0,33.0384,2.0648,2.0,2.362150037571519,0.48092067953041145,3.469999999999999,0.14400000000000013,0.0,39.82,15.122,0.0,6.729999999999997,12.622,0.0
2026-09-15 15:16:15,0.0,28.1,39.82,62.0,15.122,33.9,33.09,2.5,0.0,6.729999999999997,12.622,0.0,34.258,4.7642,0.0,3.8860223879951006,5.804919999448743,6.729999999999997,12.622,0.0,38.7,15.422,0.0,-1.1199999999999974,0.3000000000000007,0.0
2026-09-15 15:16:30,0.0,29.1,38.7,73.3,15.422,44.2,39.82,15.122,0.0,-1.1199999999999974,0.3000000000000007,0.0,35.904,7.522,0.0,3.6138801861709746,7.080702083833213,1.1199999999999974,0.3000000000000007,0.0,39.25,9.889,0.0,0.5499999999999972,-5.533000000000001,0.0
2026-09-15 15:16:44,0.0,32.4,39.25,71.2,9.889,38.8,38.7,15.422,0.0,0.5499999999999972,-5.533000000000001,0.0,37.484,9.1154,0.0,2.7484231843002584,6.365796085329785,0.5499999999999972,5.533000000000001,0.0,52.78,28.089,0.0,13.530000000000001,18.2,0.0
2026-09-15 15:16:58,0.0,31.8,52.78,100.0,28.089,68.2,39.25,9.889,0.0,13.530000000000001,18.2,0.0,40.728,14.204399999999998,0.0,7.2579521905286235,9.363790808214375,13.530000000000001,18.2,0.0,46.28,19.067,0.0,-6.5,-9.021999999999998,0.0
2026-09-15 15:17:15,0.0,30.8,46.28,87.6,19.067,56.8,52.78,28.089,0.0,-6.5,-9.021999999999998,0.0,43.366,17.5178,0.0,6.0910163355551195,6.754278547705892,6.5,9.021999999999998,0.0,32.54,3.7,0.0,-13.740000000000002,-15.367,0.0
2026-09-15 15:17:31,0.0,29.0,32.54,39.0,3.7,10.0,46.28,19.067,0.0,-13.740000000000002,-15.367,0.0,41.910000000000004,15.2334,0.0,7.78508831035328,9.240947424371594,13.740000000000002,15.367,0.0,39.41,14.744,0.0,6.869999999999997,11.044,0.0
2026-09-15 15:17:46,0.0,29.7,39.41,84.9,14.744,55.2,32.54,3.7,0.0,6.869999999999997,11.044,0.0,42.052,15.097800000000001,0.0,7.718087198263524,9.242462372117075,6.869999999999997,11.044,0.0,34.4,4.233,0.0,-5.009999999999998,-10.511,0.0
2026-09-15 15:18:00,0.0,29.9,34.4,39.2,4.233,9.3,39.41,14.744,0.0,-5.009999999999998,-10.511,0.0,41.082,13.9666,0.0,8.430196913477127,10.322386560287304,5.009999999999998,10.511,0.0,38.31,11.1,0.0,3.9100000000000037,6.867,0.0
2026-09-15 15:18:14,0.0,29.3,38.31,76.6,11.1,47.3,34.4,4.233,0.0,3.9100000000000037,6.867,0.0,38.188,10.5688,0.0,5.320655034861701,6.656888289583953,3.9100000000000037,6.867,0.0,36.35,9.956,0.0,-1.9600000000000009,-1.1440000000000001,0.0
2026-09-15 15:18:29,0.0,28.0,36.35,52.5,9.956,24.5,38.31,11.1,0.0,-1.9600000000000009,-1.1440000000000001,0.0,36.202,8.746599999999999,0.0,2.8024221666264175,4.71197154066108,1.9600000000000009,1.1440000000000001,0.0,50.5,32.4,0.0,14.149999999999999,22.444,0.0
2026-09-15 15:18:43,0.0,31.6,50.5,169.0,32.4,137.4,36.35,9.956,0.0,14.149999999999999,22.444,0.0,39.794,14.4866,0.0,6.283401149059253,10.701493624723605,14.149999999999999,22.444,0.0,49.82,27.667,0.0,-0.6799999999999997,-4.732999999999997,0.0
2026-09-15 15:18:58,0.0,32.0,49.82,113.0,27.667,81.0,50.5,32.4,0.0,-0.6799999999999997,-4.732999999999997,0.0,41.876000000000005,17.071199999999997,0.0,7.691295729589336,12.230533173169517,0.6799999999999997,4.732999999999997,0.0,30.53,1.3,0.0,-19.29,-26.367,0.0
2026-09-15 15:19:12,0.0,28.5,30.53,32.4,1.3,3.9,49.82,27.667,0.0,-19.29,-26.367,0.0,41.102000000000004,16.4846,0.0,8.753140579243494,13.04352942266778,19.29,26.367,0.0,38.244,18.2,10.0,7.713999999999999,16.9,10.0
2026-09-15 15:19:27,10.0,28.1,38.244,82.6,18.2,54.5,30.53,1.3,0.0,7.713999999999999,16.9,10.0,41.088800000000006,17.9046,2.0,8.758451758159039,12.692530472683531,7.713999999999999,16.9,10.0,71.81,47.878,0.0,33.566,29.678,-10.0
2026-09-15 15:19:45,0.0,30.2,71.81,182.0,47.878,151.8,38.244,18.2,10.0,33.566,29.678,-10.0,48.1808,25.489,2.0,15.626063906179292,17.26275012852819,33.566,29.678,10.0,65.21,66.633,0.0,-6.6000000000000085,18.754999999999995,0.0
2026-09-15 15:20:00,0.0,28.3,65.21,197.0,66.633,168.7,71.81,47.878,0.0,-6.6000000000000085,18.754999999999995,0.0,51.1228,32.3356,2.0,17.45016931723011,25.50831886463708,6.6000000000000085,18.754999999999995,0.0,52.59,43.9,0.0,-12.61999999999999,-22.732999999999997,0.0
2026-09-15 15:20:18,0.0,31.2,52.59,179.0,43.9,147.8,65.21,66.633,0.0,-12.61999999999999,-22.732999999999997,0.0,51.6768,35.5822,2.0,17.442437077426973,25.796970698126554,12.61999999999999,22.732999999999997,0.0,38.32,9.589,0.0,-14.270000000000003,-34.311,0.0
2026-09-15 15:20:35,0.0,26.5,38.32,78.8,9.589,52.3,52.59,43.9,0.0,-14.270000000000003,-34.311,0.0,53.23479999999999,37.239999999999995,2.0,15.297341115370317,23.17633757736541,14.270000000000003,34.311,0.0,38.76,5.844,0.0,0.4399999999999977,-3.745,0.0
2026-09-15 15:20:52,0.0,33.1,38.76,51.4,5.844,18.3,38.32,9.589,0.0,0.4399999999999977,-3.745,0.0,53.338,34.7688,0.0,15.172154428425754,26.178347745799385,0.4399999999999977,3.745,0.0,37.87,6.6,0.0,-0.8900000000000006,0.7559999999999993,0.0
2026-09-15 15:21:07,0.0,30.1,37.87,70.5,6.6,40.4,38.76,5.844,0.0,-0.8900000000000006,0.7559999999999993,0.0,46.55,26.5132,0.0,12.128856087859202,27.48671986068908,0.8900000000000006,0.7559999999999993,0.0,36.11,6.089,0.0,-1.759999999999998,-0.5109999999999992,0.0
2026-09-15 15:21:22,0.0,31.2,36.11,54.1,6.089,22.9,37.87,6.6,0.0,-1.759999999999998,-0.5109999999999992,0.0,40.730000000000004,14.4044,0.0,6.7058295534556525,16.556822469906457,1.759999999999998,0.5109999999999992,0.0,34.83,6.567,0.0,-1.2800000000000011,0.47799999999999976,0.0
2026-09-15 15:21:40,0.0,30.7,34.83,48.6,6.567,17.9,36.11,6.089,0.0,-1.2800000000000011,0.47799999999999976,0.0,37.178000000000004,6.9378,0.0,1.6537442365732293,1.5163544110791678,1.2800000000000011,0.47799999999999976,0.0,42.73,15.733,0.0,7.899999999999999,9.166,0.0
2026-09-15 15:22:00,0.0,31.0,42.73,73.1,15.733,42.1,34.83,6.567,0.0,7.899999999999999,9.166,0.0,38.059999999999995,8.166599999999999,0.0,3.0236732627714873,4.241882164794218,7.899999999999999,9.166,0.0,27.86,2.044,0.0,-14.869999999999997,-13.689,0.0
2026-09-15 15:22:17,0.0,25.1,27.86,32.2,2.044,7.1,42.73,15.733,0.0,-14.869999999999997,-13.689,0.0,35.879999999999995,7.4066,0.0,5.3934775423653285,5.029364204350214,14.869999999999997,13.689,0.0,28.86,2.367,0.0,1.0,0.32299999999999995,0.0
2026-09-15 15:22:44,0.0,26.6,28.86,33.4,2.367,6.8,27.86,2.044,0.0,1.0,0.32299999999999995,0.0,34.077999999999996,6.56,0.0,6.029980928659652,5.530400618400013,1.0,0.32299999999999995,0.0,33.98,1.867,0.0,5.119999999999997,-0.5,0.0
2026-09-15 15:22:58,0.0,31.1,33.98,36.4,1.867,5.3,28.86,2.367,0.0,5.119999999999997,-0.5,0.0,33.652,5.7156,0.0,5.924860335906587,5.9282939198389295,5.119999999999997,0.5,0.0,33.87,3.278,0.0,-0.10999999999999943,1.411,0.0
2026-09-15 15:23:15,0.0,29.3,33.87,43.0,3.278,13.7,33.98,1.867,0.0,-0.10999999999999943,1.411,0.0,33.459999999999994,5.0578,0.0,5.8926097783578975,5.99233224212403,0.10999999999999943,1.411,0.0,28.58,1.456,0.0,-5.289999999999999,-1.822,0.0
2026-09-15 15:23:29,0.0,26.7,28.58,30.7,1.456,4.0,33.87,3.278,0.0,-5.289999999999999,-1.822,0.0,30.629999999999995,2.2024,0.0,3.0301980133316504,0.6853293368878506,5.289999999999999,1.822,0.0,55.422,4.3,10.0,26.842,2.844,10.0
2026-09-15 15:23:44,10.0,50.7,55.422,61.7,4.3,11.0,28.58,1.456,0.0,26.842,2.844,10.0,36.142399999999995,2.6536,2.0,11.087898754948979,1.1440753034652704,26.842,2.844,10.0,57.27,7.889,0.0,1.848000000000006,3.5890000000000004,-10.0
2026-09-15 15:23:59,0.0,50.2,57.27,78.8,7.889,28.6,55.422,4.3,10.0,1.848000000000006,3.5890000000000004,-10.0,41.8244,3.758,2.0,13.45067384185637,2.572178551344983,1.848000000000006,3.5890000000000004,10.0,56.56,6.811,0.0,-0.7100000000000009,-1.0780000000000003,0.0
2026-09-15 15:24:18,0.0,51.6,56.56,76.5,6.811,24.9,57.27,7.889,0.0,-0.7100000000000009,-1.0780000000000003,0.0,46.3404,4.7467999999999995,2.0,13.940180443595384,2.613460866360772,0.7100000000000009,1.0780000000000003,0.0,53.92,3.2,0.0,-2.6400000000000006,-3.6109999999999998,0.0
2026-09-15 15:24:36,0.0,50.2,53.92,61.5,3.2,11.3,56.56,6.811,0.0,-2.6400000000000006,-3.6109999999999998,0.0,50.35039999999999,4.731199999999999,2.0,12.235741530450825,2.6246290595052084,2.6400000000000006,3.6109999999999998,0.0,70.7,18.411,0.0,16.78,15.211000000000002,0.0
2026-09-15 15:24:50,0.0,60.6,70.7,133.0,18.411,72.4,53.92,3.2,0.0,16.78,15.211000000000002,0.0,58.7744,8.122200000000001,2.0,6.7858401690578445,6.051245714726784,16.78,15.211000000000002,0.0,62.77,3.422,0.0,-7.93,-14.989,0.0
2026-09-15 15:25:05,0.0,57.7,62.77,69.8,3.422,12.1,70.7,18.411,0.0,-7.93,-14.989,0.0,60.24400000000001,7.946600000000001,0.0,6.673045032067367,6.200781991007204,7.93,14.989,0.0,78.19,2.422,0.0,15.419999999999995,-1.0,0.0
2026-09-15 15:25:19,0.0,73.2,78.19,81.8,2.422,8.6,62.77,3.422,0.0,15.419999999999995,-1.0,0.0,64.428,6.853199999999999,0.0,10.047426038543346,6.677182392296863,15.419999999999995,1.0,0.0,51.27,7.8,0.0,-26.919999999999995,5.378,0.0
2026-09-15 15:25:36,0.0,45.3,51.27,67.6,7.8,22.3,78.19,2.422,0.0,-26.919999999999995,5.378,0.0,63.370000000000005,7.051,0.0,11.28532011065698,6.690255675233889,26.919999999999995,5.378,0.0,83.89,6.144,0.0,32.62,-1.6559999999999997,0.0
2026-09-15 15:25:51,0.0,78.4,83.89,91.3,6.144,12.9,51.27,7.8,0.0,32.62,-1.6559999999999997,0.0,69.364,7.639799999999999,0.0,12.860419122252535,6.389387779748485,32.62,1.6559999999999997,0.0,66.08,8.956,0.0,-17.810000000000002,2.8119999999999994,0.0
2026-09-15 15:26:06,0.0,59.2,66.08,91.6,8.956,32.4,83.89,6.144,0.0,-17.810000000000002,2.8119999999999994,0.0,68.44,5.748799999999999,0.0,12.906320157194253,2.789772965672876,17.810000000000002,2.8119999999999994,0.0,77.81,18.311,0.0,11.730000000000004,9.355,0.0
2026-09-15 15:26:21,0.0,61.2,77.81,211.0,18.311,149.8,66.08,8.956,0.0,11.730000000000004,9.355,0.0,71.44800000000001,8.7266,0.0,13.006729796532198,5.898935056431736,11.730000000000004,9.355,0.0,64.38,4.3,0.0,-13.430000000000007,-14.011,0.0
2026-09-15 15:26:36,0.0,59.7,64.38,81.8,4.3,22.1,77.81,18.311,0.0,-13.430000000000007,-14.011,0.0,68.68599999999999,9.1022,0.0,12.679303214293705,5.439006545316829,13.430000000000007,14.011,0.0,108.57,21.978,0.0,44.19,17.678,0.0
2026-09-15 15:26:51,0.0,77.7,108.57,194.0,21.978,116.3,64.38,4.3,0.0,44.19,17.678,0.0,80.14599999999999,11.9378,0.0,17.845288734004786,7.781685755670128,44.19,17.678,0.0,74.86,45.733,0.0,-33.709999999999994,23.754999999999995,0.0
2026-09-15 15:27:05,0.0,46.2,74.86,216.0,45.733,169.8,108.57,21.978,0.0,-33.709999999999994,23.754999999999995,0.0,78.34,19.8556,0.0,17.82858238896178,16.103634474863103,33.709999999999994,23.754999999999995,0.0,83.45,6.011,0.0,8.590000000000003,-39.721999999999994,0.0
2026-09-15 15:27:21,0.0,78.3,83.45,94.8,6.011,16.5,74.86,45.733,0.0,8.590000000000003,-39.721999999999994,0.0,81.814,19.2666,0.0,16.484041676724733,16.646660605058287,8.590000000000003,39.721999999999994,0.0,80.54,2.3,0.0,-2.9099999999999966,-3.7110000000000003,0.0
2026-09-15 15:27:35,0.0,78.0,80.54,83.5,2.3,5.5,83.45,6.011,0.0,-2.9099999999999966,-3.7110000000000003,0.0,82.36,16.0644,0.0,16.36302997613822,18.3311698835617,2.9099999999999966,3.7110000000000003,0.0,52.3,7.067,0.0,-28.24000000000001,4.767,0.0
2026-09-15 15:27:50,0.0,46.3,52.3,71.7,7.067,25.4,80.54,2.3,0.0,-28.24000000000001,4.767,0.0,79.944,16.6178,0.0,20.137855645524876,17.924480458300582,28.24000000000001,4.767,0.0,59.32,11.644,0.0,7.020000000000003,4.577,0.0
2026-09-15 15:28:07,0.0,51.6,59.32,89.6,11.644,38.0,52.3,7.067,0.0,7.020000000000003,4.577,0.0,70.09400000000001,14.550999999999998,0.0,13.628297032278057,17.74680696632494,7.020000000000003,4.577,0.0,63.97,33.344,0.0,4.649999999999999,21.700000000000003,0.0
2026-09-15 15:28:26,0.0,45.9,63.97,190.0,33.344,144.1,59.32,11.644,0.0,4.649999999999999,21.700000000000003,0.0,67.916,12.0732,0.0,13.546144469922025,12.348672912503574,4.649999999999999,21.700000000000003,0.0,59.467,10.625,10.0,-4.503,-22.719,10.0
2026-09-15 15:28:41,10.0,52.4,59.467,79.9,10.625,27.5,63.97,33.344,0.0,-4.503,-22.719,10.0,63.119400000000006,12.995999999999999,2.0,10.595231323571907,11.948306428109364,4.503,22.719,10.0,55.22,1.8,0.0,-4.247,-8.825,-10.0
2026-09-15 15:28:59,0.0,52.1,55.22,61.0,1.8,8.9,59.467,10.625,10.0,-4.247,-8.825,-10.0,58.0554,12.896,2.0,4.464819234862652,12.061758847697112,4.247,8.825,10.0,81.61,1.744,0.0,26.39,-0.05600000000000005,0.0
2026-09-15 15:29:15,0.0,79.5,81.61,83.8,1.744,4.3,55.22,1.8,0.0,26.39,-0.05600000000000005,0.0,63.9174,11.831399999999999,2.0,10.363611523016447,12.90994871407317,26.39,0.05600000000000005,0.0,63.43,3.656,0.0,-18.18,1.9120000000000001,0.0
2026-09-15 15:29:38,0.0,59.7,63.43,67.1,3.656,7.4,81.61,1.744,0.0,-18.18,1.9120000000000001,0.0,64.7394,10.2338,2.0,10.06653896828494,13.422998182224397,18.18,1.9120000000000001,0.0,53.9,2.922,0.0,-9.530000000000001,-0.734,0.0
2026-09-15 15:29:52,0.0,50.2,53.9,59.2,2.922,9.0,63.43,3.656,0.0,-9.530000000000001,-0.734,0.0,62.7254,4.1494,2.0,11.202237089081775,3.7077277138429934,9.530000000000001,0.734,0.0,68.389,4.425,10.0,14.488999999999997,1.5029999999999997,10.0
2026-09-15 15:30:12,10.0,64.2,68.389,82.6,4.425,18.4,53.9,2.922,0.0,14.488999999999997,1.5029999999999997,10.0,64.5098,2.9094,2.0,11.26387190090509,1.166569672158236,14.488999999999997,1.5029999999999997,10.0,49.97,3.233,0.0,-18.418999999999997,-1.1919999999999997,-10.0
2026-09-15 15:30:32,0.0,45.5,49.97,55.1,3.233,9.6,68.389,4.425,10.0,-18.418999999999997,-1.1919999999999997,-10.0,63.459799999999994,3.196,2.0,12.520903929030016,0.9882800716392992,18.418999999999997,1.1919999999999997,10.0,59.32,3.633,0.0,9.350000000000001,0.3999999999999999,0.0
2026-09-15 15:30:51,0.0,53.7,59.32,63.4,3.633,9.7,49.97,3.233,0.0,9.350000000000001,0.3999999999999999,0.0,59.0018,3.5738,2.0,7.338792557362517,0.5647545484539134,9.350000000000001,0.3999999999999999,0.0,63.44,13.256,0.0,4.119999999999997,9.623000000000001,0.0
2026-09-15 15:31:06,0.0,51.1,63.44,136.0,13.256,84.9,59.32,3.633,0.0,4.119999999999997,9.623000000000001,0.0,59.0038,5.4938,2.0,7.340302255357027,4.375557987274242,4.119999999999997,9.623000000000001,0.0,73.84,17.678,0.0,10.400000000000006,4.422000000000001,0.0
2026-09-15 15:31:24,0.0,56.2,73.84,191.0,17.678,134.8,63.44,13.256,0.0,10.400000000000006,4.422000000000001,0.0,62.9918,8.445,2.0,9.083824701082651,6.612009868413647,10.400000000000006,4.422000000000001,0.0,57.18,3.622,0.0,-16.660000000000004,-14.056000000000001,0.0
2026-09-15 15:31:41,0.0,52.6,57.18,61.8,3.622,9.2,73.84,17.678,0.0,-16.660000000000004,-14.056000000000001,0.0,60.75,8.2844,0.0,8.797476911023946,6.742526699984172,16.660000000000004,14.056000000000001,0.0,69.15,4.056,0.0,11.970000000000006,0.43400000000000016,0.0
2026-09-15 15:32:02,0.0,62.8,69.15,77.1,4.056,14.3,57.18,3.622,0.0,11.970000000000006,0.43400000000000016,0.0,64.586,8.449,0.0,6.898541874918149,6.5968538713540905,11.970000000000006,0.43400000000000016,0.0,50.87,3.411,0.0,-18.28000000000001,-0.645,0.0
2026-09-15 15:32:18,0.0,45.8,50.87,57.9,3.411,12.1,69.15,4.056,0.0,-18.28000000000001,-0.645,0.0,62.896,8.404599999999999,0.0,9.171653613171364,6.63799019282188,18.28000000000001,0.645,0.0,67.97,36.433,0.0,17.1,33.022,0.0
2026-09-15 15:32:32,0.0,48.7,67.97,195.0,36.433,146.3,50.87,3.411,0.0,17.1,33.022,0.0,63.802,13.040000000000001,0.0,9.458095474248465,14.412426183679122,17.1,33.022,0.0,59.82,5.278,0.0,-8.149999999999999,-31.155,0.0
2026-09-15 15:32:48,0.0,53.9,59.82,74.3,5.278,20.4,67.97,36.433,0.0,-8.149999999999999,-31.155,0.0,60.998000000000005,10.559999999999999,0.0,7.642072362913047,14.481520241328239,8.149999999999999,31.155,0.0,64.289,6.288,10.0,4.469000000000001,1.0100000000000007,10.0
2026-09-15 15:33:03,10.0,54.9,64.289,72.4,6.288,17.5,59.82,5.278,0.0,4.469000000000001,1.0100000000000007,10.0,62.41980000000001,11.0932,2.0,7.412001430113147,14.208715131918138,4.469000000000001,1.0100000000000007,10.0,77.867,24.175,10.0,13.578000000000003,17.887,0.0
2026-09-15 15:33:19,10.0,62.1,77.867,113.0,24.175,50.9,64.289,6.288,10.0,13.578000000000003,17.887,0.0,64.1632,15.116999999999999,4.0,9.97339258727938,14.561995210135168,13.578000000000003,17.887,0.0,60.11,3.711,0.0,-17.757000000000005,-20.464000000000002,-10.0
2026-09-15 15:33:36,0.0,56.4,60.11,65.6,3.711,9.2,77.867,24.175,10.0,-17.757000000000005,-20.464000000000002,-10.0,66.0112,15.176999999999998,4.0,7.424923952472454,14.502199988277624,17.757000000000005,20.464000000000002,10.0,35.93,3.6,0.0,-24.18,-0.11099999999999977,0.0
2026-09-15 15:33:50,0.0,31.4,35.93,44.1,3.6,12.7,60.11,3.711,0.0,-24.18,-0.11099999999999977,0.0,59.603199999999994,8.610399999999998,4.0,15.134789053700068,8.773018767790226,24.18,0.11099999999999977,0.0,31.0,6.589,0.0,-4.93,2.9890000000000003,0.0
2026-09-15 15:34:06,0.0,26.2,31.0,38.7,6.589,12.5,35.93,3.6,0.0,-4.93,2.9890000000000003,0.0,53.839200000000005,8.872599999999998,4.0,19.80040988717152,8.66748027398964,4.93,2.9890000000000003,0.0,36.13,7.933,0.0,5.130000000000003,1.3439999999999994,0.0
2026-09-15 15:34:20,0.0,31.1,36.13,62.1,7.933,31.0,31.0,6.589,0.0,5.130000000000003,1.3439999999999994,0.0,48.2074,9.201599999999997,2.0,20.087661108252497,8.575580784996404,5.130000000000003,1.3439999999999994,0.0,56.18,43.089,0.0,20.049999999999997,35.156,0.0
2026-09-15 15:34:34,0.0,31.1,56.18,165.0,43.089,133.9,36.13,7.933,0.0,20.049999999999997,35.156,0.0,43.870000000000005,12.984399999999999,0.0,13.2651969453906,16.931978880213602,20.049999999999997,35.156,0.0,51.32,40.8,0.0,-4.859999999999999,-2.2890000000000015,0.0
2026-09-15 15:34:51,0.0,30.2,51.32,203.0,40.8,172.8,56.18,43.089,0.0,-4.859999999999999,-2.2890000000000015,0.0,42.112,20.4022,0.0,10.956435095413115,19.744369493604992,4.859999999999999,2.2890000000000015,0.0,40.91,15.767,0.0,-10.410000000000004,-25.032999999999998,0.0
2026-09-15 15:35:06,0.0,29.8,40.91,85.2,15.767,55.4,51.32,40.8,0.0,-10.410000000000004,-25.032999999999998,0.0,43.108,22.8356,0.0,10.469497122593813,17.810983150853843,10.410000000000004,25.032999999999998,0.0,33.56,4.456,0.0,-7.349999999999994,-11.311,0.0
2026-09-15 15:35:20,0.0,29.9,33.56,40.9,4.456,11.0,40.91,15.767,0.0,-7.349999999999994,-11.311,0.0,43.62,22.409,0.0,9.768462007910975,18.315787111123548,7.349999999999994,11.311,0.0,40.756,6.262,10.0,7.195999999999998,1.8059999999999992,10.0
2026-09-15 15:35:35,10.0,31.9,40.756,73.6,6.262,41.7,33.56,4.456,0.0,7.195999999999998,1.8059999999999992,10.0,44.5452,22.0748,2.0,9.076257775096522,18.658006423516944,7.195999999999998,1.8059999999999992,10.0,32.22,1.9,0.0,-8.536000000000001,-4.362,-10.0
2026-09-15 15:35:50,0.0,28.9,32.22,35.2,1.9,6.3,40.756,6.262,10.0,-8.536000000000001,-4.362,-10.0,39.7532,13.836999999999998,2.0,7.60328029208448,15.957788255268948,8.536000000000001,4.362,10.0,32.22,2.978,0.0,0.0,1.0780000000000003,0.0
2026-09-15 15:36:05,0.0,29.7,32.22,38.9,2.978,9.2,32.22,1.9,0.0,0.0,1.0780000000000003,0.0,35.9332,6.272599999999999,2.0,4.506543154126054,5.554678190498492,0.0,1.0780000000000003,0.0,35.25,3.033,0.0,3.030000000000001,0.054999999999999716,0.0
2026-09-15 15:36:22,0.0,30.4,35.25,41.4,3.033,11.0,32.22,2.978,0.0,3.030000000000001,0.054999999999999716,0.0,34.8012,3.7257999999999987,2.0,3.5541113094556356,1.683614029402107,3.030000000000001,0.054999999999999716,0.0,33.4,3.167,0.0,-1.8500000000000014,0.1339999999999999,0.0
2026-09-15 15:36:39,0.0,30.6,33.4,42.3,3.167,11.7,35.25,3.033,0.0,-1.8500000000000014,0.1339999999999999,0.0,34.7692,3.4679999999999986,2.0,3.5687705445994227,1.6420251216103847,1.8500000000000014,0.1339999999999999,0.0,41.256,19.462,10.0,7.856000000000002,16.295,10.0
2026-09-15 15:36:54,10.0,31.8,41.256,92.7,19.462,60.9,33.4,3.167,0.0,7.856000000000002,16.295,10.0,34.8692,6.107999999999999,2.0,3.779262256049513,7.482288854354635,7.856000000000002,16.295,10.0,33.81,3.133,0.0,-7.445999999999998,-16.329,-10.0
2026-09-15 15:37:09,0.0,29.7,33.81,40.7,3.133,11.0,41.256,19.462,10.0,-7.445999999999998,-16.329,-10.0,35.187200000000004,6.354599999999999,2.0,3.5612258001986383,7.327651213042252,7.445999999999998,16.329,10.0,30.28,3.878,0.0,-3.530000000000001,0.7450000000000001,0.0
2026-09-15 15:37:23,0.0,25.3,30.28,34.7,3.878,9.4,33.81,3.133,0.0,-3.530000000000001,0.7450000000000001,0.0,34.7992,6.534599999999999,2.0,4.038964372212319,7.2344317192160705,3.530000000000001,0.7450000000000001,0.0,33.95,4.722,0.0,3.6700000000000017,0.8440000000000003,0.0
2026-09-15 15:37:37,0.0,29.6,33.95,40.8,4.722,11.2,30.28,3.878,0.0,3.6700000000000017,0.8440000000000003,0.0,34.5392,6.872399999999999,2.0,4.044528798265684,7.067562896784124,3.6700000000000017,0.8440000000000003,0.0,36.04,12.5,0.0,2.0899999999999963,7.778,0.0
2026-09-15 15:37:53,0.0,24.6,36.04,63.8,12.5,39.2,33.95,4.722,0.0,2.0899999999999963,7.778,0.0,35.0672,8.738999999999999,2.0,4.030929074047376,7.076734698997808,2.0899999999999963,7.778,0.0,34.5,4.156,0.0,-1.5399999999999991,-8.344000000000001,0.0
2026-09-15 15:38:09,0.0,30.0,34.5,40.2,4.156,10.2,36.04,12.5,0.0,-1.5399999999999991,-8.344000000000001,0.0,33.715999999999994,5.677799999999999,0.0,2.11455196200058,3.8563949745843726,1.5399999999999991,8.344000000000001,0.0,34.1,4.956,0.0,-0.3999999999999986,0.8000000000000007,0.0
2026-09-15 15:38:23,0.0,29.5,34.1,41.3,4.956,11.8,34.5,4.156,0.0,-0.3999999999999986,0.8000000000000007,0.0,33.774,6.042399999999999,0.0,2.1217398521026323,3.6355003507082215,0.3999999999999986,0.8000000000000007,0.0,36.92,9.911,0.0,2.8200000000000003,4.954999999999999,0.0
2026-09-15 15:38:38,0.0,30.6,36.92,68.4,9.911,37.8,34.1,4.956,0.0,2.8200000000000003,4.954999999999999,0.0,35.102,7.248999999999998,0.0,1.311342823216121,3.737294208381192,2.8200000000000003,4.954999999999999,0.0,49.19,2.756,0.0,12.269999999999996,-7.154999999999999,0.0
2026-09-15 15:38:52,0.0,46.8,49.19,53.5,2.756,6.7,36.92,9.911,0.0,12.269999999999996,-7.154999999999999,0.0,38.15,6.855799999999998,0.0,6.276376343082069,4.150233752452939,12.269999999999996,7.154999999999999,0.0,74.02,17.856,0.0,24.83,15.100000000000001,0.0
2026-09-15 15:39:08,0.0,58.3,74.02,126.0,17.856,67.7,49.19,2.756,0.0,24.83,15.100000000000001,0.0,45.745999999999995,7.926999999999998,0.0,16.965260976477783,6.170652720741916,24.83,15.100000000000001,0.0,55.72,3.156,0.0,-18.299999999999997,-14.700000000000001,0.0
2026-09-15 15:39:23,0.0,52.8,55.72,59.3,3.156,6.5,74.02,17.856,0.0,-18.299999999999997,-14.700000000000001,0.0,49.99,7.726999999999999,0.0,16.079729475336322,6.337385501924245,18.299999999999997,14.700000000000001,0.0,63.81,3.422,0.0,8.090000000000003,0.266,0.0
2026-09-15 15:39:38,0.0,59.7,63.81,68.8,3.422,9.1,55.72,3.156,0.0,8.090000000000003,0.266,0.0,55.931999999999995,7.420199999999999,0.0,14.108457392642167,6.53899405107541,8.090000000000003,0.266,0.0,89.03,41.978,0.0,25.22,38.556000000000004,0.0
2026-09-15 15:39:55,0.0,45.4,89.03,222.0,41.978,176.6,63.81,3.422,0.0,25.22,38.556000000000004,0.0,66.354,13.833599999999999,0.0,15.709275285639345,16.980965308250283,25.22,38.556000000000004,0.0,62.89,21.822,0.0,-26.14,-20.156000000000002,0.0
2026-09-15 15:40:09,0.0,51.3,62.89,147.0,21.822,95.7,89.03,41.978,0.0,-26.14,-20.156000000000002,0.0,69.09400000000001,17.6468,0.0,12.91301397815394,15.982893768025853,26.14,20.156000000000002,0.0,81.9,33.678,0.0,19.010000000000005,11.855999999999998,0.0
2026-09-15 15:40:24,0.0,60.5,81.9,209.0,33.678,148.5,62.89,21.822,0.0,19.010000000000005,11.855999999999998,0.0,70.67,20.811199999999996,0.0,14.091602109057686,17.526408964759426,19.010000000000005,11.855999999999998,0.0,66.82,27.811,0.0,-15.080000000000013,-5.866999999999997,0.0
2026-09-15 15:40:38,0.0,52.9,66.82,167.0,27.811,114.1,81.9,33.678,0.0,-15.080000000000013,-5.866999999999997,0.0,72.89,25.742199999999997,0.0,11.84241318313117,14.52943007141022,15.080000000000013,5.866999999999997,0.0,74.86,38.6,0.0,8.040000000000006,10.789000000000001,0.0
2026-09-15 15:40:52,0.0,51.3,74.86,189.0,38.6,137.7,66.82,27.811,0.0,8.040000000000006,10.789000000000001,0.0,75.1,32.7778,0.0,10.700292052088992,8.124818594897953,8.040000000000006,10.789000000000001,0.0,59.64,1.967,0.0,-15.219999999999999,-36.633,0.0
2026-09-15 15:41:07,0.0,57.0,59.64,66.1,1.967,9.1,74.86,38.6,0.0,-15.219999999999999,-36.633,0.0,69.22200000000001,24.775599999999997,0.0,9.085665633292875,14.21738725293785,15.219999999999999,36.633,0.0,64.71,2.333,0.0,5.069999999999993,0.3660000000000001,0.0
2026-09-15 15:41:21,0.0,59.2,64.71,68.7,2.333,9.5,59.64,1.967,0.0,5.069999999999993,0.3660000000000001,0.0,69.58599999999998,20.877799999999997,0.0,8.800549982813529,17.517981610333987,5.069999999999993,0.3660000000000001,0.0,69.92,11.356,0.0,5.210000000000008,9.023,0.0
2026-09-15 15:41:43,0.0,63.1,69.92,105.0,11.356,41.9,64.71,2.333,0.0,5.210000000000008,9.023,0.0,67.19,16.4134,0.0,5.691476082704674,16.237948894487868,5.210000000000008,9.023,0.0,54.15,2.233,0.0,-15.770000000000003,-9.123,0.0
2026-09-15 15:41:58,0.0,51.1,54.15,60.7,2.233,9.6,69.92,11.356,0.0,-15.770000000000003,-9.123,0.0,64.656,11.297799999999999,0.0,8.175734217793499,15.77193376539478,15.770000000000003,9.123,0.0,55.6,3.967,0.0,1.4500000000000028,1.734,0.0
2026-09-15 15:42:12,0.0,53.0,55.6,64.0,3.967,11.0,54.15,2.233,0.0,1.4500000000000028,1.734,0.0,60.803999999999995,4.371199999999997,0.0,6.539696476137075,3.9829996485061443,1.4500000000000028,1.734,0.0,58.37,4.167,0.0,2.769999999999996,0.19999999999999973,0.0
2026-09-15 15:42:26,0.0,54.3,58.37,63.9,4.167,9.6,55.6,3.967,0.0,2.769999999999996,0.19999999999999973,0.0,60.55,4.811199999999998,0.0,6.620373856512915,3.7666518554281145,2.769999999999996,0.19999999999999973,0.0,73.57,12.244,0.0,15.199999999999996,8.077,0.0
2026-09-15 15:42:42,0.0,59.6,73.57,163.0,12.244,103.4,58.37,4.167,0.0,15.199999999999996,8.077,0.0,62.322,6.7933999999999966,0.0,8.829386728420019,4.642470279926411,15.199999999999996,8.077,0.0,61.73,2.133,0.0,-11.839999999999996,-10.111,0.0
2026-09-15 15:42:59,0.0,58.8,61.73,66.0,2.133,7.2,73.57,12.244,0.0,-11.839999999999996,-10.111,0.0,60.68399999999999,4.948799999999997,0.0,7.7626979845927035,4.186268768246976,11.839999999999996,10.111,0.0,64.95,9.8,0.0,3.220000000000006,7.667000000000001,0.0
2026-09-15 15:43:14,0.0,58.6,64.95,97.3,9.8,38.7,61.73,2.133,0.0,3.220000000000006,7.667000000000001,0.0,62.84400000000001,6.4621999999999975,0.0,6.9500992798664045,4.324524794702884,3.220000000000006,7.667000000000001,0.0,63.9,2.9,0.0,-1.0500000000000043,-6.9,0.0
2026-09-15 15:43:29,0.0,60.4,63.9,69.7,2.9,9.3,64.95,9.8,0.0,-1.0500000000000043,-6.9,0.0,64.50399999999999,6.248799999999997,0.0,5.658558120228105,4.501155596066417,1.0500000000000043,6.9,0.0,33.72,3.667,0.0,-30.18,0.7669999999999999,0.0
2026-09-15 15:43:47,0.0,29.9,33.72,42.4,3.667,12.5,63.9,2.9,0.0,-30.18,0.7669999999999999,0.0,59.57399999999999,6.148799999999997,0.0,15.137547027177146,4.564082788469117,30.18,0.7669999999999999,0.0,34.75,4.478,0.0,1.0300000000000011,0.8109999999999999,0.0
2026-09-15 15:44:03,0.0,30.1,34.75,42.2,4.478,12.1,33.72,3.667,0.0,1.0300000000000011,0.8109999999999999,0.0,51.81,4.5955999999999975,0.0,16.089793348579718,3.0373246945297208,1.0300000000000011,0.8109999999999999,0.0,34.39,1.289,0.0,-0.35999999999999943,-3.189,0.0
2026-09-15 15:44:17,0.0,32.8,34.39,36.3,1.289,3.5,34.75,4.478,0.0,-0.35999999999999943,-3.189,0.0,46.342,4.426799999999997,0.0,16.515755205257804,3.225992203958352,0.35999999999999943,3.189,0.0,34.06,3.922,0.0,-0.3299999999999983,2.633,0.0
2026-09-15 15:44:37,0.0,30.9,34.06,42.3,3.922,11.4,34.39,1.289,0.0,-0.3299999999999983,2.633,0.0,40.164,3.251199999999997,0.0,13.2743372715929,1.235057771928134,0.3299999999999983,2.633,0.0,33.5,2.633,0.0,-0.5600000000000023,-1.2890000000000001,0.0
2026-09-15 15:44:55,0.0,31.4,33.5,39.1,2.633,7.7,34.06,3.922,0.0,-0.5600000000000023,-1.2890000000000001,0.0,34.083999999999996,3.1977999999999973,0.0,0.5028220361127593,1.2595676639228588,0.5600000000000023,1.2890000000000001,0.0,49.66,27.078,0.0,16.159999999999997,24.445,0.0
2026-09-15 15:45:14,0.0,30.9,49.66,86.3,27.078,55.4,33.5,2.633,0.0,16.159999999999997,24.445,0.0,37.272,7.879999999999997,0.0,6.940350855684495,10.802486542458638,16.159999999999997,24.445,0.0,48.2,22.056,0.0,-1.4599999999999937,-5.0219999999999985,0.0
2026-09-15 15:45:32,0.0,29.5,48.2,85.6,22.056,56.1,49.66,27.078,0.0,-1.4599999999999937,-5.0219999999999985,0.0,39.962,11.395599999999998,0.0,8.209051102289502,12.189780732236324,1.4599999999999937,5.0219999999999985,0.0,45.8,14.5,0.0,-2.4000000000000057,-7.556000000000001,0.0
2026-09-15 15:45:49,0.0,31.1,45.8,89.0,14.5,57.9,48.2,22.056,0.0,-2.4000000000000057,-7.556000000000001,0.0,42.244,14.037799999999999,0.0,7.850979556717778,10.804522765953148,2.4000000000000057,7.556000000000001,0.0,59.7,28.678,0.0,13.900000000000006,14.178,0.0
2026-09-15 15:46:04,0.0,36.9,59.7,134.0,28.678,97.1,45.8,14.5,0.0,13.900000000000006,14.178,0.0,47.372,18.988999999999997,0.0,9.391534485908068,10.68158447984192,13.900000000000006,14.178,0.0,42.5,12.367,0.0,-17.200000000000003,-16.311,0.0
2026-09-15 15:46:18,0.0,31.8,42.5,60.1,12.367,28.3,59.7,28.678,0.0,-17.200000000000003,-16.311,0.0,49.172000000000004,20.9358,0.0,6.478959793053241,7.310386186789295,17.200000000000003,16.311,0.0,79.35,60.644,0.0,36.849999999999994,48.277,0.0
2026-09-15 15:46:32,0.0,34.6,79.35,276.0,60.644,241.4,42.5,12.367,0.0,36.849999999999994,48.277,0.0,55.11,27.649,0.0,15.017339977506017,19.541278361458332,36.849999999999994,48.277,0.0,41.65,10.244,0.0,-37.699999999999996,-50.4,0.0
2026-09-15 15:46:51,0.0,29.0,41.65,61.1,10.244,32.1,79.35,60.644,0.0,-37.699999999999996,-50.4,0.0,53.8,25.2866,0.0,16.022835267205377,21.04277754480144,37.699999999999996,50.4,0.0,54.46,29.056,0.0,12.810000000000002,18.812,0.0
2026-09-15 15:47:05,0.0,28.2,54.46,105.0,29.056,76.8,41.65,10.244,0.0,12.810000000000002,18.812,0.0,55.532000000000004,28.1978,0.0,15.397739119753927,20.166036774735872,12.810000000000002,18.812,0.0,48.69,17.222,0.0,-5.770000000000003,-11.834,0.0
2026-09-15 15:47:21,0.0,33.8,48.69,74.9,17.222,41.1,54.46,29.056,0.0,-5.770000000000003,-11.834,0.0,53.33,25.906599999999997,0.0,15.439868846593239,20.74045420910544,5.770000000000003,11.834,0.0,51.0,16.867,0.0,2.3100000000000023,-0.3550000000000004,0.0
2026-09-15 15:47:36,0.0,33.3,51.0,86.9,16.867,53.6,48.69,17.222,0.0,2.3100000000000023,-0.3550000000000004,0.0,55.029999999999994,26.806599999999996,0.0,14.3809613725926,20.093589544927,2.3100000000000023,0.3550000000000004,0.0,58.15,24.456,0.0,7.149999999999999,7.588999999999999,0.0
2026-09-15 15:47:50,0.0,34.5,58.15,105.0,24.456,70.5,51.0,16.867,0.0,7.149999999999999,7.588999999999999,0.0,50.79,19.568999999999996,0.0,6.237631762135405,7.308398867056983,7.149999999999999,7.588999999999999,0.0,38.25,16.111,0.0,-19.9,-8.344999999999999,0.0
2026-09-15 15:48:06,0.0,28.4,38.25,60.8,16.111,32.4,58.15,24.456,0.0,-19.9,-8.344999999999999,0.0,50.11,20.742399999999996,0.0,7.533793864979346,5.739524745133498,19.9,8.344999999999999,0.0,41.55,7.567,0.0,3.299999999999997,-8.544,0.0
2026-09-15 15:48:24,0.0,30.8,41.55,51.3,7.567,20.5,38.25,16.111,0.0,3.299999999999997,-8.544,0.0,47.528,16.444599999999998,0.0,7.874796505307323,5.997673990806755,3.299999999999997,8.544,0.0,42.8,10.867,0.0,1.25,3.3000000000000007,0.0
2026-09-15 15:48:43,0.0,30.0,42.8,63.7,10.867,33.7,41.55,7.567,0.0,1.25,3.3000000000000007,0.0,46.349999999999994,15.173599999999997,0.0,8.094983014188506,6.4481865512715935,1.25,3.3000000000000007,0.0,31.4,3.044,0.0,-11.399999999999999,-7.823,0.0
2026-09-15 15:48:57,0.0,28.2,31.4,36.1,3.044,7.9,42.8,10.867,0.0,-11.399999999999999,-7.823,0.0,42.43,12.408999999999997,0.0,9.838229007295997,8.251681131745208,11.399999999999999,7.823,0.0,34.66,4.6,0.0,3.259999999999998,1.5559999999999996,0.0
2026-09-15 15:49:17,0.0,29.7,34.66,41.1,4.6,11.4,31.4,3.044,0.0,3.259999999999998,1.5559999999999996,0.0,37.732,8.437799999999998,0.0,4.745036353917672,5.228744849387846,3.259999999999998,1.5559999999999996,0.0,50.67,40.033,0.0,16.010000000000005,35.433,0.0
2026-09-15 15:49:33,0.0,30.4,50.67,197.0,40.033,166.6,34.66,4.6,0.0,16.010000000000005,35.433,0.0,40.215999999999994,13.222199999999997,0.0,7.522195823029361,15.283040754378687,16.010000000000005,35.433,0.0,36.69,3.833,0.0,-13.980000000000004,-36.2,0.0
2026-09-15 15:49:47,0.0,30.3,36.69,39.9,3.833,9.6,50.67,40.033,0.0,-13.980000000000004,-36.2,0.0,39.24399999999999,12.475399999999997,0.0,7.620087269841491,15.713629252976535,13.980000000000004,36.2,0.0,33.4,2.978,0.0,-3.289999999999999,-0.855,0.0
2026-09-15 15:50:02,0.0,30.0,33.4,38.8,2.978,8.8,36.69,3.833,0.0,-3.289999999999999,-0.855,0.0,37.364,10.897599999999999,0.0,7.682742348927258,16.300605580775212,3.289999999999999,0.855,0.0,32.36,7.478,0.0,-1.0399999999999991,4.5,0.0
2026-09-15 15:50:20,0.0,27.1,32.36,39.1,7.478,12.0,33.4,2.978,0.0,-1.0399999999999991,4.5,0.0,37.556,11.784399999999998,0.0,7.506405930936611,15.881762569060147,1.0399999999999991,4.5,0.0,49.02,19.844,0.0,16.660000000000004,12.366000000000001,0.0
2026-09-15 15:50:35,0.0,30.0,49.02,69.5,19.844,39.5,32.36,7.478,0.0,16.660000000000004,12.366000000000001,0.0,40.428,14.8332,0.0,8.763262520317442,15.618796134785802,16.660000000000004,12.366000000000001,0.0,51.5,40.867,0.0,2.479999999999997,21.022999999999996,0.0
2026-09-15 15:50:49,0.0,28.6,51.5,199.0,40.867,170.4,49.02,19.844,0.0,2.479999999999997,21.022999999999996,0.0,40.593999999999994,14.999999999999996,0.0,9.01015982100209,15.956008915139144,2.479999999999997,21.022999999999996,0.0,31.95,2.089,0.0,-19.55,-38.778,0.0
2026-09-15 15:51:04,0.0,29.0,31.95,34.9,2.089,5.9,51.5,40.867,0.0,-19.55,-38.778,0.0,39.646,14.651199999999998,0.0,9.743150414522008,16.276982266378493,19.55,38.778,0.0,33.43,2.211,0.0,1.4800000000000004,0.12199999999999989,0.0
2026-09-15 15:51:19,0.0,31.3,33.43,36.9,2.211,5.6,31.95,2.089,0.0,1.4800000000000004,0.12199999999999989,0.0,39.652,14.497799999999994,0.0,9.738350476338402,16.41750534338271,1.4800000000000004,0.12199999999999989,0.0,35.46,2.433,0.0,2.030000000000001,0.22199999999999998,0.0
2026-09-15 15:51:35,0.0,33.5,35.46,38.5,2.433,5.0,33.43,2.211,0.0,2.030000000000001,0.22199999999999998,0.0,40.272,13.488799999999998,0.0,9.244180331430169,17.09772886087506,2.030000000000001,0.22199999999999998,0.0,34.11,4.144,0.0,-1.3500000000000014,1.7110000000000003,0.0
2026-09-15 15:51:49,0.0,30.6,34.11,41.7,4.144,11.1,35.46,2.433,0.0,-1.3500000000000014,1.7110000000000003,0.0,37.29,10.348799999999997,0.0,8.043640345017936,17.080457025501396,1.3500000000000014,1.7110000000000003,0.0,34.16,1.6,0.0,0.04999999999999716,-2.544,0.0
2026-09-15 15:52:04,0.0,31.3,34.16,35.9,1.6,4.6,34.11,4.144,0.0,0.04999999999999716,-2.544,0.0,33.821999999999996,2.4953999999999974,0.0,1.2785030308920422,0.970767891928921,0.04999999999999716,2.544,0.0,50.08,21.389,0.0,15.920000000000002,19.788999999999998,0.0
