experiment_id,repetition,timestamp,condition,configured_bandwidth_mbps,configured_delay_ms,configured_jitter_ms,configured_packet_loss_percent,measured_packet_loss_percent,min_latency_ms,avg_latency_ms,max_latency_ms,measured_jitter_ms,latency_range_ms,latency_variability_ms,latency_ratio,loss_difference_percent,loss_ratio,jitter_latency_ratio,network_stability_score,network_quality_score
1,1,2026-09-13 21:26:10,Excellent,50,0,0,0.0,0.0,47.9,51.657,61.8,2.239,13.899999999999999,10.143,1.0784342379958245,0.0,1.2,0.0433435933174594,0.9342923765488304,93.42923765488302
2,2,2026-09-13 21:28:38,Excellent,50,0,0,0.0,5.0,47.5,53.099,137.0,3.85,89.5,83.90100000000001,1.1178736842105264,5.0,1.2,0.07250607356070736,0.8810812718049691,88.1081271804969
3,3,2026-09-13 21:30:26,Excellent,50,0,0,0.0,0.0,54.9,59.477,68.8,2.506,13.899999999999999,9.323,1.0833697632058288,0.0,1.2,0.042133934125796524,0.9247123373834137,92.47123373834137
4,4,2026-09-13 21:32:13,Excellent,50,0,0,0.0,0.0,48.0,52.145,61.4,2.419,13.399999999999999,9.254999999999995,1.0863541666666667,0.0,1.2,0.04638987438872375,0.9328613835830661,93.28613835830662
5,5,2026-09-13 21:34:01,Excellent,50,0,0,0.0,0.0,51.7,56.494,91.7,3.101,40.0,35.206,1.0927272727272728,0.0,1.2,0.05489078486210925,0.9248122111351905,92.48122111351907
6,1,2026-09-13 21:35:48,Excellent,50,30,5,0.0,0.0,75.9,82.567,106.0,4.662,30.099999999999994,23.433000000000007,1.087839262187088,0.0,1.2,0.05646323591749731,0.8894494370152205,88.94494370152204
7,2,2026-09-13 21:37:36,Excellent,50,30,5,0.0,0.0,74.8,82.189,110.0,4.682,35.2,27.811000000000007,1.098783422459893,0.0,1.2,0.056966260691820085,0.8897446645813764,88.97446645813763
8,3,2026-09-13 21:39:24,Excellent,50,30,5,0.0,1.0,81.5,88.991,118.0,4.94,36.5,29.009,1.0919141104294479,1.0,1.2,0.055511231472845576,0.872584707362925,87.25847073629251
9,4,2026-09-13 21:42:22,Excellent,50,30,5,0.0,1.0,72.3,81.2,91.4,4.452,19.10000000000001,10.200000000000003,1.1230982019363762,1.0,1.2,0.054827586206896546,0.8832615527494696,88.32615527494696
10,5,2026-09-13 21:44:10,Excellent,50,30,5,0.0,0.0,78.4,86.346,97.5,4.432,19.099999999999994,11.153999999999996,1.1013520408163264,0.0,1.2,0.05132837653162857,0.8866512370539761,88.6651237053976
11,1,2026-09-13 21:45:58,Excellent,20,0,0,0.0,0.0,47.1,51.145,76.4,2.325,29.300000000000004,25.255000000000003,1.0858811040339702,0.0,1.2,0.045458989148499364,0.9343917715569502,93.439177155695
12,2,2026-09-13 21:48:52,Excellent,20,0,0,0.0,1.0,50.5,55.894,75.6,3.234,25.099999999999994,19.705999999999996,1.1068118811881187,1.0,1.2,0.05785951980534584,0.9160686952379736,91.60686952379737
13,3,2026-09-13 21:50:40,Excellent,20,0,0,0.0,0.0,50.9,55.545,64.9,2.285,14.000000000000007,9.355000000000004,1.0912573673870334,0.0,1.2,0.041137816185075164,0.9299717992969023,92.99717992969023
14,4,2026-09-13 21:52:28,Excellent,20,0,0,0.0,0.0,50.2,57.238,185.0,9.271,134.8,127.762,1.140199203187251,0.0,1.2,0.1619728152625878,0.8925582353931524,89.25582353931523
15,5,2026-09-13 21:54:16,Excellent,20,0,0,0.0,0.0,54.4,67.82,252.0,15.89,197.6,184.18,1.2466911764705881,0.0,1.2,0.2342966676496609,0.8476751331105599,84.76751331105599
16,1,2026-09-13 22:13:23,Good,20,30,5,0.5,1.0,72.7,90.359,224.0,12.772,151.3,133.64100000000002,1.2429023383768911,0.5,2.0,0.14134729246671612,0.8311973902277371,83.11973902277371
17,2,2026-09-13 22:15:20,Good,20,30,5,0.5,3.0,77.9,90.947,296.0,13.142,218.1,205.053,1.1674839537869062,2.5,6.0,0.14450174277326353,0.8113008448808623,81.13008448808621
18,3,2026-09-13 22:17:09,Good,20,30,5,0.5,1.0,79.7,94.797,209.0,12.531,129.3,114.203,1.189422835633626,0.5,2.0,0.13218772745972976,0.8277627494694533,82.77627494694534
19,4,2026-09-13 22:18:58,Good,20,30,5,0.5,1.0,80.5,88.592,127.0,5.447,46.5,38.408,1.1005217391304347,0.5,2.0,0.061484106917103126,0.8704179016207567,87.04179016207567
20,5,2026-09-13 22:20:46,Good,20,30,5,0.5,1.0,75.9,85.482,174.0,6.248,98.1,88.518,1.1262450592885374,0.5,2.0,0.07309141105729862,0.8696004707556667,86.96004707556668
21,1,2026-09-13 22:22:34,Good,20,50,10,0.5,0.0,89.7,103.13,122.0,8.235,32.3,18.870000000000005,1.149721293199554,-0.5,0.0,0.07985067390671967,0.8496143160562499,84.961431605625
22,2,2026-09-13 22:24:22,Good,20,50,10,0.5,1.0,89.7,100.857,117.0,7.688,27.299999999999997,16.143,1.12438127090301,0.5,2.0,0.07622673686506638,0.8460975349954534,84.60975349954533
23,3,2026-09-13 22:26:11,Good,20,50,10,0.5,1.0,96.0,113.553,340.0,13.666,244.0,226.447,1.18284375,0.5,2.0,0.12034908809102358,0.8022624380218388,80.22624380218389
24,4,2026-09-13 22:27:59,Good,20,50,10,0.5,0.0,93.6,106.618,134.0,8.115,40.400000000000006,27.382000000000005,1.1390811965811967,-0.5,0.0,0.07611285148849163,0.8465608400951439,84.65608400951439
25,5,2026-09-13 22:29:48,Good,20,50,10,0.5,3.0,92.1,104.466,127.0,8.46,34.900000000000006,22.534000000000006,1.1342671009771987,2.5,6.0,0.08098328642812017,0.8209756574505942,82.09756574505941
26,1,2026-09-13 22:31:36,Good,10,30,5,0.0,0.0,79.4,91.38,192.0,7.744,112.6,100.62,1.15088161209068,0.0,1.2,0.08474502079229591,0.8644670177935597,86.44670177935598
27,2,2026-09-13 22:33:23,Good,10,30,5,0.0,0.0,73.8,82.456,111.0,5.253,37.2,28.543999999999997,1.117289972899729,0.0,1.2,0.06370670418162414,0.8865514996950392,88.65514996950392
28,3,2026-09-13 22:35:11,Good,10,30,5,0.0,0.0,75.8,88.546,212.0,10.308,136.2,123.454,1.1681530343007918,0.0,1.2,0.11641406726447269,0.8543667788594778,85.43667788594777
29,4,2026-09-13 22:36:59,Good,10,30,5,0.0,1.0,78.0,84.111,97.4,4.232,19.400000000000006,13.289000000000001,1.0783461538461538,1.0,1.2,0.050314465408805034,0.881324534663985,88.1324534663985
30,5,2026-09-13 22:38:48,Good,10,30,5,0.0,2.0,76.3,85.627,176.0,7.133,99.7,90.373,1.1222411533420709,2.0,1.2,0.08330316372172329,0.8562382052829995,85.62382052829996
31,1,2026-09-13 22:40:36,Good,10,50,10,0.5,1.0,97.3,109.528,127.0,8.342,29.700000000000003,17.471999999999994,1.1256731757451184,0.5,2.0,0.07616317288729822,0.8336491513748066,83.36491513748065
32,2,2026-09-13 22:42:25,Good,10,50,10,0.5,1.0,95.0,109.984,167.0,9.863,72.0,57.016000000000005,1.1577263157894737,0.5,2.0,0.08967668024439919,0.82541157942488,82.541157942488
33,3,2026-09-13 22:44:14,Good,10,50,10,0.5,2.0,90.1,102.149,123.0,7.367,32.900000000000006,20.851,1.1337291897891233,1.5,4.0,0.07212013822944914,0.8376814719690486,83.76814719690486
34,4,2026-09-13 22:46:01,Good,10,50,10,0.5,0.0,91.1,103.836,121.0,8.239,29.900000000000006,17.164,1.1398024149286499,-0.5,0.0,0.07934627682114104,0.8488519700801731,84.88519700801731
35,5,2026-09-13 22:47:49,Good,10,50,10,0.5,0.0,93.3,108.263,186.0,9.885,92.7,77.737,1.1603751339764203,-0.5,0.0,0.09130543214209841,0.8358036300431675,83.58036300431675
36,1,2026-09-13 22:49:38,Moderate,10,100,10,2.0,3.0,141.0,152.526,169.0,7.125,28.0,16.47399999999999,1.081744680851064,1.0,1.5,0.04671334723260296,0.7772785116603684,77.72785116603683
37,2,2026-09-13 22:51:27,Moderate,10,100,10,2.0,1.0,145.0,161.495,196.0,10.102,51.0,34.504999999999995,1.1137586206896553,-1.0,0.5,0.06255302021734419,0.7700590415450236,77.00590415450236
38,3,2026-09-13 22:53:16,Moderate,10,100,10,2.0,3.0,141.0,154.01,175.0,7.625,34.0,20.99000000000001,1.0922695035460992,1.0,1.5,0.049509772092721255,0.7731685476104606,77.31685476104605
39,4,2026-09-13 22:55:04,Moderate,10,100,10,2.0,1.0,139.0,150.636,180.0,7.98,41.0,29.364000000000004,1.0837122302158273,-1.0,0.5,0.05297538437027006,0.792294829956905,79.2294829956905
40,5,2026-09-13 22:56:53,Moderate,10,100,10,2.0,1.0,142.0,157.192,267.0,11.286,125.0,109.80799999999999,1.1069859154929578,-1.0,0.5,0.07179754694895414,0.7685417301801741,76.85417301801742
41,1,2026-09-13 22:58:42,Moderate,10,150,20,2.0,1.0,184.0,210.0,265.0,17.806,81.0,55.0,1.141304347826087,-1.0,0.5,0.0847904761904762,0.6797878714401495,67.97878714401494
42,2,2026-09-13 23:00:30,Moderate,10,150,20,2.0,2.0,185.0,208.98,263.0,15.825,78.0,54.02000000000001,1.1296216216216215,0.0,1.0,0.0757249497559575,0.6822688847380958,68.2268884738096
43,3,2026-09-13 23:02:19,Moderate,10,150,20,2.0,2.0,182.0,207.612,249.0,17.082,67.0,41.388000000000005,1.1407252747252747,0.0,1.0,0.08227848101265824,0.6772947913247749,67.7294791324775
44,4,2026-09-13 23:04:08,Moderate,10,150,20,2.0,3.0,182.0,205.577,243.0,14.521,61.0,37.423,1.129543956043956,1.0,1.5,0.07063533371923902,0.6838009578493416,68.38009578493414
45,5,2026-09-13 23:05:57,Moderate,10,150,20,2.0,2.0,187.0,208.378,236.0,14.474,49.0,27.622000000000014,1.1143208556149733,0.0,1.0,0.06946030771002698,0.6897927491148463,68.97927491148464
46,1,2026-09-13 23:07:46,Moderate,5,100,10,1.0,2.0,141.0,156.357,184.0,7.577,43.0,27.643,1.1089148936170212,1.0,2.0,0.048459614855746784,0.7796425529778184,77.96425529778183
47,2,2026-09-13 23:09:34,Moderate,5,100,10,1.0,0.0,139.0,152.5,167.0,7.525,28.0,14.5,1.0971223021582734,-1.0,0.0,0.04934426229508197,0.8013524613163221,80.13524613163221
48,3,2026-09-13 23:11:23,Moderate,5,100,10,1.0,5.0,144.0,158.905,186.0,8.702,42.0,27.095,1.1035069444444445,4.0,5.0,0.05476227934929675,0.7451394473899005,74.51394473899005
49,4,2026-09-13 23:13:12,Moderate,5,100,10,1.0,3.0,143.0,155.371,199.0,8.74,56.0,43.62899999999999,1.0865104895104896,2.0,3.0,0.05625245380412046,0.7660508373319406,76.60508373319405
50,5,2026-09-13 23:15:00,Moderate,5,100,10,1.0,0.0,139.0,152.56,206.0,8.263,67.0,53.44,1.0975539568345325,-1.0,0.0,0.05416229680125852,0.7975249968640189,79.75249968640188
51,1,2026-09-13 23:16:49,Moderate,5,150,20,2.0,4.0,178.0,199.698,228.0,14.505,50.0,28.301999999999992,1.1218988764044944,2.0,2.0,0.07263467836433014,0.6813652205416552,68.13652205416552
52,2,2026-09-13 23:18:38,Moderate,5,150,20,2.0,5.0,181.0,205.768,243.0,14.574,62.0,37.232,1.136839779005525,3.0,2.5,0.07082733952801212,0.665938585838807,66.59385858388069
53,3,2026-09-13 23:20:27,Moderate,5,150,20,2.0,1.0,185.0,209.081,238.0,14.378,53.0,28.91900000000001,1.1301675675675675,-1.0,0.5,0.06876760681267069,0.6982392906769646,69.82392906769645
54,4,2026-09-13 23:22:16,Moderate,5,150,20,2.0,4.0,185.0,209.719,263.0,16.0,78.0,53.281000000000006,1.1336162162162162,2.0,2.0,0.07629256290560225,0.6632083130712513,66.32083130712513
55,5,2026-09-13 23:24:04,Moderate,5,150,20,2.0,4.0,179.0,205.021,298.0,15.6,119.0,92.97900000000001,1.1453687150837988,2.0,2.0,0.07608976641417221,0.6701858201871533,67.01858201871534
56,1,2026-09-13 23:25:53,Poor,5,200,20,5.0,3.0,236.0,260.299,325.0,17.625,89.0,64.70100000000002,1.1029618644067796,-2.0,0.6,0.06771059435495334,0.6104600795544735,61.04600795544736
57,2,2026-09-13 23:27:42,Poor,5,200,20,5.0,2.0,232.0,256.714,301.0,15.309,69.0,44.286,1.1065258620689655,-3.0,0.4,0.059634457022211484,0.634736758937745,63.4736758937745
58,3,2026-09-13 23:29:31,Poor,5,200,20,5.0,4.0,236.0,258.812,371.0,19.042,135.0,112.18799999999999,1.0966610169491526,-1.0,0.8,0.07357464105219233,0.5960992600793426,59.60992600793426
59,4,2026-09-13 23:31:20,Poor,5,200,20,5.0,6.0,233.0,257.947,343.0,17.559,110.0,85.053,1.107068669527897,1.0,1.2,0.0680721233431674,0.5871815185928428,58.7181518592843
60,5,2026-09-13 23:33:09,Poor,5,200,20,5.0,7.0,228.0,252.075,289.0,12.783,61.0,36.92500000000001,1.1055921052631579,2.0,1.4,0.050711097887533474,0.6090183582622696,60.90183582622696
61,1,2026-09-13 23:34:58,Poor,5,250,30,5.0,7.0,276.0,314.473,513.0,27.043,237.0,198.527,1.1393949275362318,2.0,1.4,0.08599466408880889,0.4707058739355011,47.07058739355011
62,2,2026-09-13 23:36:47,Poor,5,250,30,5.0,3.0,278.0,315.753,507.0,27.479,229.0,191.247,1.1358021582733813,-2.0,0.6,0.08702688493854374,0.5019193571675069,50.1919357167507
63,3,2026-09-13 23:38:36,Poor,5,250,30,5.0,6.0,280.0,327.149,465.0,42.43,185.0,137.851,1.1683892857142857,1.0,1.2,0.12969625461181297,0.38759377236642356,38.759377236642365
64,4,2026-09-13 23:40:25,Poor,5,250,30,5.0,12.0,274.0,311.795,460.0,30.322,186.0,148.20499999999998,1.1379379562043797,7.0,2.4,0.09724979553873538,0.41331634129657346,41.33163412965736
65,5,2026-09-13 23:42:14,Poor,5,250,30,5.0,9.0,277.0,314.78,464.0,23.389,187.0,149.22000000000003,1.1363898916967508,4.0,1.8,0.07430268759133364,0.4716303595499821,47.163035954998215
66,1,2026-09-13 23:44:04,Poor,2,200,20,5.0,5.0,235.0,262.663,310.0,16.138,75.0,47.33699999999999,1.1177148936170214,0.0,1.0,0.061439943958608564,0.598169352019451,59.8169352019451
67,2,2026-09-13 23:45:52,Poor,2,200,20,5.0,2.0,238.0,266.092,321.0,17.464,83.0,54.908000000000015,1.118033613445378,-3.0,0.4,0.06563143574402838,0.6138890414089253,61.38890414089253
68,3,2026-09-13 23:47:41,Poor,2,200,20,5.0,8.0,232.0,260.946,362.0,20.044,130.0,101.05399999999997,1.1247672413793104,3.0,1.6,0.07681282717497107,0.5539629808201564,55.39629808201564
69,4,2026-09-13 23:49:30,Poor,2,200,20,5.0,2.0,235.0,259.031,312.0,16.289,77.0,52.968999999999994,1.1022595744680852,-3.0,0.4,0.06288436519181102,0.6273029899689304,62.73029899689304
70,5,2026-09-13 23:51:19,Poor,2,200,20,5.0,6.0,238.0,265.479,325.0,15.226,87.0,59.521000000000015,1.1154579831932772,1.0,1.2,0.05735293563709371,0.5911662900614463,59.11662900614463
71,1,2026-09-13 23:53:08,Poor,2,250,30,5.0,4.0,277.0,306.292,344.0,20.116,67.0,37.70800000000003,1.1057472924187726,-1.0,0.8,0.0656758909798493,0.5407237516239638,54.07237516239638
72,2,2026-09-13 23:54:57,Poor,2,250,30,5.0,6.0,274.0,309.223,349.0,19.978,75.0,39.77699999999999,1.128551094890511,1.0,1.2,0.06460709584992061,0.520956143225306,52.0956143225306
73,3,2026-09-13 23:56:46,Poor,2,250,30,5.0,8.0,278.0,313.793,365.0,21.363,87.0,51.206999999999994,1.128751798561151,3.0,1.6,0.06807991255381732,0.4916975343409278,49.16975343409279
74,4,2026-09-13 23:58:35,Poor,2,250,30,5.0,5.0,277.0,312.611,486.0,29.904,209.0,173.389,1.1285595667870036,0.0,1.0,0.09565882198643043,0.47546050911794446,47.546050911794445
75,5,2026-09-14 00:00:23,Poor,2,250,30,5.0,2.0,274.0,313.418,425.0,24.546,151.0,111.582,1.1438613138686131,-3.0,0.4,0.07831713558251281,0.5280296085256481,52.802960852564816
76,1,2026-09-14 00:02:17,Very Poor,2,300,30,8.0,6.0,326.0,365.394,548.0,27.204,222.0,182.606,1.120840490797546,-2.0,0.75,0.07445114041281466,0.42506688975971463,42.506688975971464
77,2,2026-09-14 00:04:23,Very Poor,2,300,30,8.0,12.0,321.0,354.75,404.0,22.471,83.0,49.25,1.105140186915888,4.0,1.5,0.06334319943622269,0.40822107697166454,40.822107697166466
78,3,2026-09-14 00:06:13,Very Poor,2,300,30,8.0,10.0,321.0,360.389,467.0,24.056,146.0,106.61099999999999,1.1227071651090343,2.0,1.25,0.066750095036197,0.41160148840706823,41.160148840706825
79,4,2026-09-14 00:08:04,Very Poor,2,300,30,8.0,5.0,326.0,369.126,496.0,33.138,170.0,126.87400000000002,1.1322883435582822,-3.0,0.625,0.08977422343589994,0.39957224123446233,39.95722412344623
80,5,2026-09-14 00:09:53,Very Poor,2,300,30,8.0,5.0,324.0,369.505,565.0,37.074,241.0,195.495,1.1404475308641975,-3.0,0.625,0.10033423093056927,0.3790970937812337,37.90970937812337
81,1,2026-09-14 00:11:43,Very Poor,2,400,50,10.0,9.0,406.0,466.066,667.0,39.222,261.0,200.93400000000003,1.1479458128078817,-1.0,0.9,0.08415546296018162,0.23188096078692444,23.188096078692446
82,2,2026-09-14 00:13:32,Very Poor,2,400,50,10.0,11.0,406.0,470.18,713.0,53.375,307.0,242.82,1.1580788177339902,1.0,1.1,0.11352035390701433,0.13797421636786034,13.797421636786034
83,3,2026-09-14 00:15:21,Very Poor,2,400,50,10.0,16.0,411.0,464.738,604.0,35.831,193.0,139.262,1.130749391727494,6.0,1.6,0.07709935490534452,0.18970390654408176,18.970390654408178
84,4,2026-09-14 00:17:11,Very Poor,2,400,50,10.0,16.0,409.0,470.464,638.0,52.337,229.0,167.536,1.150278728606357,6.0,1.6,0.11124549381036594,0.09949215470807393,9.949215470807394
85,5,2026-09-14 00:19:02,Very Poor,2,400,50,10.0,13.0,403.0,474.241,1093.0,58.814,690.0,618.759,1.1767766749379651,3.0,1.3,0.12401711366161931,0.08857177086792589,8.857177086792586
86,1,2026-09-14 00:20:51,Very Poor,2,400,50,15.0,14.0,404.0,455.616,556.0,33.482,152.0,100.38400000000001,1.1277623762376237,-1.0,0.9333333333333333,0.07348732265767664,0.22866345569308133,22.86634556930814
87,2,2026-09-14 00:22:51,Very Poor,2,400,50,15.0,20.0,409.0,469.5,634.0,49.456,225.0,164.5,1.147921760391198,5.0,1.3333333333333333,0.10533759318423856,0.08041810420804452,8.041810420804449
88,3,2026-09-14 00:24:39,Very Poor,2,400,50,15.0,14.0,409.0,463.547,539.0,33.859,130.0,75.45299999999997,1.1333667481662593,-1.0,0.9333333333333333,0.07304329442321922,0.21840567458780602,21.84056745878059
89,4,2026-09-14 00:26:29,Very Poor,2,400,50,15.0,19.0,409.0,465.012,532.0,33.938,123.0,66.988,1.1369486552567236,4.0,1.2666666666666666,0.07298306280268037,0.17298486485056197,17.298486485056195
90,5,2026-09-14 00:28:19,Very Poor,2,400,50,15.0,16.0,403.0,460.536,603.0,37.349,200.0,142.464,1.1427692307692308,1.0,1.0666666666666667,0.0810989803185853,0.1863767772435725,18.637677724357246
91,1,2026-09-14 00:30:08,Very Poor,1,300,30,10.0,13.0,324.0,368.069,430.0,25.337,106.0,61.93099999999998,1.1360154320987654,3.0,1.3,0.06883763642143184,0.37090938225916237,37.09093822591624
92,2,2026-09-14 00:31:57,Very Poor,1,300,30,10.0,11.0,320.0,352.461,401.0,19.966,81.0,48.53899999999999,1.101440625,1.0,1.1,0.056647402123922934,0.43209983278517994,43.209983278517996
93,3,2026-09-14 00:33:47,Very Poor,1,300,30,10.0,11.0,329.0,361.809,412.0,21.318,83.0,50.190999999999974,1.0997234042553192,1.0,1.1,0.05892059069840717,0.41537960611140967,41.537960611140974
94,4,2026-09-14 00:35:35,Very Poor,1,300,30,10.0,10.0,319.0,361.333,501.0,29.708,182.0,139.66699999999997,1.1327053291536051,0.0,1.0,0.08221778802378968,0.38177955864627267,38.17795586462726
95,5,2026-09-14 00:37:24,Very Poor,1,300,30,10.0,8.0,326.0,361.011,472.0,26.527,146.0,110.98899999999998,1.1073957055214725,-2.0,0.8,0.07347975546451493,0.4157349846782439,41.573498467824386
96,1,2026-09-14 00:39:14,Very Poor,1,400,50,15.0,22.0,407.0,463.295,604.0,38.234,197.0,140.70499999999998,1.1383169533169533,7.0,1.4666666666666666,0.08252625217194229,0.1267891713810596,12.67891713810596
97,2,2026-09-14 00:41:03,Very Poor,1,400,50,15.0,12.0,405.0,461.943,521.0,31.046,116.0,59.057000000000016,1.1406,-3.0,0.8,0.06720742602442292,0.25183126353159224,25.183126353159224
98,3,2026-09-14 00:42:58,Very Poor,1,400,50,15.0,17.0,402.0,460.952,538.0,37.524,136.0,77.048,1.1466467661691542,2.0,1.1333333333333333,0.0814054391780489,0.1763513017770566,17.63513017770566
99,4,2026-09-14 00:44:48,Very Poor,1,400,50,15.0,19.0,413.0,475.778,608.0,41.587,195.0,132.22199999999998,1.1520048426150122,4.0,1.2666666666666666,0.08740841316748568,0.1226545439491632,12.265454394916322
100,5,2026-09-14 00:46:38,Very Poor,1,400,50,15.0,23.0,410.0,466.143,628.0,45.487,218.0,161.85700000000003,1.1369341463414633,8.0,1.5333333333333334,0.09758164340127387,0.07810423327748617,7.810423327748625
